datetime,tempmax,tempmin,temp,feelslikemax,feelslikemin,feelslike,dew,humidity,precip,precipprob,precipcover,preciptype,snow,snowdepth,windgust,windspeed,winddir,sealevelpressure,cloudcover,visibility,solarradiation,solarenergy,uvindex,severerisk,sunrise,sunset,moonphase,conditions
2023-10-01,26.5,12.5,18.9,26.5,12.5,18.9,13.7,74.3,0.144,100.0,4.17,rain,0.0,0.0,25.0,11.3,170.2,1023.7,46.5,18.6,39.8,3.5,3,10,2023-10-01 07:49:34,2023-10-01 19:30:27,0.57,"Rain, Partially cloudy"
2023-10-02,27.7,14.5,20.7,27.9,14.5,20.7,14.7,71.0,0.0,0.0,0.0,dry,0.0,0.0,26.3,12.0,173.7,1018.8,48.6,16.8,51.3,4.4,4,10,2023-10-02 07:51:01,2023-10-02 19:28:21,0.6,Partially cloudy
2023-10-03,22.1,15.0,18.8,22.1,15.0,18.8,13.0,69.9,0.386,100.0,12.5,rain,0.0,0.0,51.6,22.8,277.2,1020.5,71.8,22.1,54.5,4.8,4,10,2023-10-03 07:52:29,2023-10-03 19:26:16,0.63,"Rain, Partially cloudy"
2023-10-04,18.2,10.2,14.2,18.2,10.2,14.2,9.3,73.2,0.006,100.0,4.17,rain,0.0,0.0,23.6,12.3,260.9,1029.8,62.0,22.4,58.9,5.1,4,10,2023-10-04 07:53:57,2023-10-04 19:24:10,0.66,"Rain, Partially cloudy"
2023-10-05,19.8,11.0,14.7,19.8,11.0,14.7,9.4,72.1,0.014,100.0,4.17,rain,0.0,0.0,16.3,6.8,238.3,1027.3,82.3,21.3,41.7,3.5,3,10,2023-10-05 07:55:25,2023-10-05 19:22:06,0.7,"Rain, Partially cloudy"
2023-10-06,21.3,9.4,14.7,21.3,9.4,14.7,8.8,71.2,0.014,100.0,4.17,rain,0.0,0.0,17.2,7.4,216.2,1026.9,61.3,20.8,48.0,4.0,4,10,2023-10-06 07:56:54,2023-10-06 19:20:01,0.75,"Rain, Partially cloudy"
2023-10-07,23.9,10.5,16.7,23.9,10.5,16.7,10.5,68.6,0.0,0.0,0.0,dry,0.0,0.0,20.4,9.3,233.1,1026.8,14.8,22.5,43.5,3.7,4,10,2023-10-07 07:58:23,2023-10-07 19:17:57,0.76,Clear
2023-10-08,26.8,12.4,18.5,26.8,12.4,18.5,12.2,69.7,0.007,100.0,4.17,rain,0.0,0.0,18.1,9.3,176.1,1025.9,25.7,21.9,42.5,3.8,3,10,2023-10-08 07:59:52,2023-10-08 19:15:54,0.79,"Rain, Partially cloudy"
2023-10-09,26.0,13.7,18.9,26.0,13.7,18.9,11.4,65.8,0.0,0.0,0.0,dry,0.0,0.0,14.4,7.1,266.1,1023.4,66.8,21.7,37.8,3.3,2,10,2023-10-09 08:01:21,2023-10-09 19:13:51,0.83,Partially cloudy
2023-10-10,27.4,12.4,18.9,26.9,12.4,18.8,11.0,63.5,0.0,0.0,0.0,dry,0.0,0.0,25.4,13.3,219.4,1021.1,64.7,21.6,49.0,4.3,4,10,2023-10-10 08:02:51,2023-10-10 19:11:49,0.86,Partially cloudy
2023-10-11,25.2,12.9,18.9,25.2,12.9,18.9,10.2,58.9,0.007,100.0,4.17,rain,0.0,0.0,37.1,15.5,211.1,1017.6,53.4,22.3,35.2,3.1,2,10,2023-10-11 08:04:21,2023-10-11 19:09:48,0.89,"Rain, Partially cloudy"
2023-10-12,22.4,16.3,19.0,22.4,16.3,19.0,14.4,75.4,3.793,100.0,12.5,rain,0.0,0.0,29.2,13.5,219.8,1016.0,94.4,20.5,32.4,2.9,1,10,2023-10-12 08:05:51,2023-10-12 19:07:47,0.92,"Rain, Overcast"
2023-10-13,25.5,17.6,20.7,25.5,17.6,20.7,14.7,70.0,0.323,100.0,16.67,rain,0.0,0.0,69.9,30.0,211.7,1010.1,92.5,21.7,28.0,2.4,3,10,2023-10-13 08:07:21,2023-10-13 19:05:47,0.96,"Rain, Overcast"
2023-10-14,19.4,11.4,14.1,19.4,11.4,14.1,9.0,71.6,1.129,100.0,20.83,rain,0.0,0.0,66.4,28.0,289.6,1016.9,86.7,23.6,32.8,2.8,3,10,2023-10-14 08:08:52,2023-10-14 19:03:48,0.0,"Rain, Partially cloudy"
2023-10-15,13.4,8.5,10.5,13.4,7.2,10.0,4.3,67.4,0.007,100.0,4.17,rain,0.0,0.0,28.8,15.4,358.2,1024.3,74.9,25.8,31.0,2.8,2,10,2023-10-15 08:10:23,2023-10-15 19:01:49,0.02,"Rain, Partially cloudy"
2023-10-16,13.3,5.3,9.0,13.3,3.2,7.6,2.1,62.7,0.0,0.0,0.0,dry,0.0,0.0,45.5,22.5,79.4,1020.0,77.2,25.4,52.3,4.7,3,10,2023-10-16 08:11:55,2023-10-16 18:59:51,0.06,Partially cloudy
2023-10-17,16.5,5.6,10.6,16.5,3.4,9.6,5.0,68.6,0.0,0.0,0.0,dry,0.0,0.0,33.9,15.5,83.3,1012.5,79.6,24.2,23.5,2.1,2,10,2023-10-17 08:13:27,2023-10-17 18:57:54,0.09,Partially cloudy
2023-10-18,18.6,11.2,14.7,18.6,11.2,14.7,11.7,82.4,4.932,100.0,25.0,rain,0.0,0.0,64.8,24.3,158.7,999.6,91.8,21.0,12.4,1.0,1,10,2023-10-18 08:14:59,2023-10-18 18:55:58,0.13,"Rain, Overcast"
2023-10-19,22.3,15.3,17.5,22.3,15.3,17.5,14.2,81.8,0.802,100.0,16.67,rain,0.0,0.0,43.1,22.2,181.2,989.6,90.6,23.2,24.1,2.1,2,10,2023-10-19 08:16:31,2023-10-19 18:54:03,0.17,"Rain, Overcast"
2023-10-20,18.1,13.8,15.2,18.1,13.8,15.2,13.4,89.1,7.356,100.0,54.17,rain,0.0,0.0,39.7,16.7,207.2,980.4,96.0,18.7,37.0,3.3,4,10,2023-10-20 08:18:04,2023-10-20 18:52:09,0.2,"Rain, Overcast"
2023-10-21,15.5,12.2,13.4,15.5,12.2,13.4,10.5,82.7,2.334,100.0,33.33,rain,0.0,0.0,71.7,34.5,214.5,992.9,98.1,20.9,17.5,1.7,1,10,2023-10-21 08:19:37,2023-10-21 18:50:16,0.24,"Rain, Overcast"
2023-10-22,16.0,10.8,12.9,16.0,10.8,12.9,10.0,83.1,0.658,100.0,45.83,rain,0.0,0.0,48.2,20.0,217.2,1008.0,83.6,20.2,19.0,1.6,1,10,2023-10-22 08:21:10,2023-10-22 18:48:24,0.25,"Rain, Partially cloudy"
2023-10-23,11.9,8.4,10.5,11.9,7.2,10.1,9.3,91.8,6.378,100.0,41.67,rain,0.0,0.0,32.2,14.0,125.5,1007.7,88.5,17.1,7.3,0.6,0,10,2023-10-23 08:22:44,2023-10-23 18:46:33,0.31,"Rain, Partially cloudy"
2023-10-24,16.3,11.1,12.9,16.3,11.1,12.9,10.0,83.8,1.256,100.0,12.5,rain,0.0,0.0,35.0,17.1,216.5,1004.9,82.0,19.5,32.5,2.8,4,10,2023-10-24 08:24:17,2023-10-24 18:44:43,0.34,"Rain, Partially cloudy"
2023-10-25,14.9,11.2,13.0,14.9,11.2,13.0,11.0,87.8,6.723,100.0,41.67,rain,0.0,0.0,45.4,23.1,224.5,996.5,95.7,20.7,23.3,1.9,1,10,2023-10-25 08:25:51,2023-10-25 18:42:54,0.38,"Rain, Overcast"
2023-10-26,15.0,10.4,12.9,15.0,10.4,12.9,11.1,89.1,17.521,100.0,41.67,rain,0.0,0.0,40.2,16.3,209.9,995.8,96.9,13.7,23.6,2.0,1,10,2023-10-26 08:27:26,2023-10-26 18:41:07,0.41,"Rain, Overcast"
2023-10-27,15.2,10.1,12.2,15.2,10.1,12.2,10.4,88.7,3.304,100.0,33.33,rain,0.0,0.0,46.3,17.1,227.5,995.3,93.1,22.6,20.5,1.6,1,10,2023-10-27 08:29:00,2023-10-27 18:39:21,0.45,"Rain, Overcast"
2023-10-28,14.2,10.9,12.5,14.2,10.9,12.5,10.6,88.2,2.805,100.0,33.33,rain,0.0,0.0,52.9,24.8,204.1,996.5,99.0,22.3,13.1,1.1,1,10,2023-10-28 08:30:35,2023-10-28 18:37:36,0.5,"Rain, Overcast"
2023-10-29,16.5,11.6,13.5,16.5,11.6,13.5,10.4,82.4,7.619,100.0,16.67,rain,0.0,0.0,66.2,27.0,213.8,996.2,82.7,21.5,21.0,1.7,1,10,2023-10-29 07:32:10,2023-10-29 17:35:52,0.52,"Rain, Partially cloudy"
2023-10-30,13.2,9.8,11.4,13.2,8.0,11.3,10.4,93.7,5.967,100.0,33.33,rain,0.0,0.0,32.2,14.1,200.2,999.1,90.9,18.0,9.5,0.6,1,10,2023-10-30 07:33:45,2023-10-30 17:34:10,0.55,"Rain, Overcast"
2023-10-31,15.4,8.2,11.9,15.4,6.0,11.5,9.8,87.3,0.204,100.0,16.67,rain,0.0,0.0,38.1,18.8,223.8,1005.5,90.5,22.3,23.2,1.9,1,10,2023-10-31 07:35:21,2023-10-31 17:32:30,0.58,"Rain, Overcast"
2023-11-01,13.6,11.2,12.4,13.6,11.2,12.4,10.1,86.0,0.742,100.0,12.5,rain,0.0,0.0,52.9,25.5,200.1,1001.2,87.9,23.5,18.6,1.6,1,10,2023-11-01 07:36:56,2023-11-01 17:30:50,0.62,"Rain, Partially cloudy"
2023-11-02,14.0,8.8,11.7,14.0,6.0,11.3,6.7,72.6,7.852,100.0,37.5,rain,0.0,0.0,87.4,37.1,217.8,981.9,91.1,21.2,18.8,1.6,1,10,2023-11-02 07:38:32,2023-11-02 17:29:13,0.65,"Rain, Overcast"
2023-11-03,10.1,5.8,8.2,10.1,3.0,6.0,5.7,84.9,0.158,100.0,8.33,rain,0.0,0.0,41.1,17.5,217.0,989.6,79.7,25.5,17.0,1.4,1,10,2023-11-03 07:40:07,2023-11-03 17:27:36,0.68,"Rain, Partially cloudy"
2023-11-04,14.6,8.3,10.4,14.6,5.3,9.2,8.1,86.0,7.008,100.0,33.33,rain,0.0,0.0,69.9,27.9,204.2,979.7,92.8,17.7,13.0,1.1,1,10,2023-11-04 07:41:43,2023-11-04 17:26:02,0.71,"Rain, Overcast"
2023-11-05,13.9,9.7,11.3,13.9,7.4,11.1,7.9,80.2,3.964,100.0,50.0,rain,0.0,0.0,63.3,27.4,243.8,985.5,81.9,22.5,12.3,0.9,1,10,2023-11-05 07:43:19,2023-11-05 17:24:29,0.75,"Rain, Partially cloudy"
2023-11-06,13.7,8.5,10.3,13.7,6.2,9.0,7.5,83.4,0.407,100.0,16.67,rain,0.0,0.0,49.4,21.7,221.9,1005.1,86.3,20.5,23.7,2.1,3,10,2023-11-06 07:44:54,2023-11-06 17:22:58,0.78,"Rain, Partially cloudy"
2023-11-07,12.7,7.5,9.7,12.7,5.0,8.4,6.4,80.3,0.125,100.0,12.5,rain,0.0,0.0,48.6,19.9,234.8,1014.1,72.6,24.3,23.2,1.9,3,10,2023-11-07 07:46:30,2023-11-07 17:21:29,0.81,"Rain, Partially cloudy"
2023-11-08,12.9,7.0,9.7,12.9,4.4,8.4,7.4,86.2,1.033,100.0,16.67,rain,0.0,0.0,59.7,24.2,203.3,1014.0,93.9,21.8,16.9,1.5,1,10,2023-11-08 07:48:05,2023-11-08 17:20:01,0.84,"Rain, Overcast"
2023-11-09,11.4,7.8,9.8,11.4,5.3,8.9,7.7,87.0,1.26,100.0,41.67,rain,0.0,0.0,50.4,20.6,224.0,1004.8,92.5,20.5,15.6,1.4,1,10,2023-11-09 07:49:41,2023-11-09 17:18:35,0.87,"Rain, Overcast"
2023-11-10,11.8,6.5,8.7,11.8,3.5,6.7,6.0,83.1,1.791,100.0,16.67,rain,0.0,0.0,57.4,25.6,238.7,1001.7,79.1,22.3,19.5,1.7,1,10,2023-11-10 07:51:16,2023-11-10 17:17:11,0.91,"Rain, Partially cloudy"
2023-11-11,11.4,6.1,8.0,11.4,3.6,6.6,6.0,87.4,0.48,100.0,29.17,rain,0.0,0.0,29.9,12.8,254.5,1009.4,83.6,20.4,15.1,1.4,1,10,2023-11-11 07:52:51,2023-11-11 17:15:50,0.94,"Rain, Partially cloudy"
2023-11-12,12.9,6.6,9.4,12.9,4.1,8.3,8.6,94.9,8.354,100.0,58.33,rain,0.0,0.0,41.0,19.9,192.2,1006.1,99.4,10.7,10.6,0.9,1,10,2023-11-12 07:54:26,2023-11-12 17:14:30,0.97,"Rain, Overcast"
2023-11-13,16.9,12.0,14.4,16.9,12.0,14.4,12.5,88.6,4.68,100.0,54.17,rain,0.0,0.0,60.4,25.6,231.8,1007.9,91.0,18.8,11.0,1.0,1,10,2023-11-13 07:56:00,2023-11-13 17:13:12,0.0,"Rain, Overcast"
2023-11-14,13.3,11.3,12.4,13.3,11.3,12.4,9.4,82.6,0.619,100.0,20.83,rain,0.0,0.0,59.2,24.2,242.3,1011.5,85.6,21.3,8.6,0.7,1,10,2023-11-14 07:57:34,2023-11-14 17:11:56,0.04,"Rain, Partially cloudy"
2023-11-15,13.1,8.1,10.8,13.1,8.1,10.5,8.0,83.3,0.0,0.0,0.0,rain,0.0,0.0,40.7,19.5,250.5,1020.7,81.1,22.6,12.9,1.2,1,10,2023-11-15 07:59:08,2023-11-15 17:10:42,0.07,Partially cloudy
2023-11-16,10.5,7.9,8.8,10.5,4.9,7.3,8.0,94.5,17.957,100.0,50.0,rain,0.0,0.0,50.9,22.1,99.6,1012.2,97.6,11.4,12.7,1.2,1,10,2023-11-16 08:00:41,2023-11-16 17:09:31,0.11,"Rain, Overcast"
2023-11-17,11.6,7.6,8.9,11.6,5.6,7.9,6.7,86.4,2.155,100.0,20.83,rain,0.0,0.0,38.7,13.8,260.8,1022.8,86.2,21.6,38.4,3.4,3,10,2023-11-17 08:02:14,2023-11-17 17:08:22,0.15,"Rain, Partially cloudy"
2023-11-18,14.3,8.5,10.7,14.3,6.1,9.8,9.8,94.4,12.3,100.0,70.83,rain,0.0,0.0,45.5,20.2,203.3,1020.2,99.2,15.3,5.3,0.4,0,10,2023-11-18 08:03:46,2023-11-18 17:07:15,0.18,"Rain, Overcast"
2023-11-19,15.1,11.0,13.4,15.1,11.0,13.4,10.1,81.3,0.0,0.0,0.0,rain,0.0,0.0,54.5,27.2,241.0,1016.6,80.5,22.4,18.1,1.6,1,10,2023-11-19 08:05:18,2023-11-19 17:06:10,0.22,Partially cloudy
2023-11-20,12.5,9.7,10.8,12.5,8.6,10.6,8.0,83.7,0.153,100.0,16.67,rain,0.0,0.0,50.5,25.0,241.0,1014.4,92.8,19.4,10.0,0.9,1,10,2023-11-20 08:06:48,2023-11-20 17:05:08,0.25,"Rain, Overcast"
2023-11-21,12.0,9.3,10.6,12.0,7.9,10.3,9.2,90.6,1.856,100.0,37.5,rain,0.0,0.0,41.5,17.1,343.9,1018.3,95.2,17.9,9.8,1.0,0,10,2023-11-21 08:08:18,2023-11-21 17:04:08,0.29,"Rain, Overcast"
2023-11-22,9.9,5.7,7.8,7.8,2.1,5.7,3.5,74.6,0.0,0.0,0.0,dry,0.0,0.0,47.1,23.2,16.6,1029.8,74.9,18.1,16.8,1.5,2,10,2023-11-22 08:09:47,2023-11-22 17:03:11,0.32,Partially cloudy
2023-11-23,12.2,6.2,10.0,12.2,4.7,9.6,7.6,84.8,0.181,100.0,8.33,rain,0.0,0.0,41.7,14.2,267.0,1028.2,98.9,19.6,8.4,0.7,1,10,2023-11-23 08:11:16,2023-11-23 17:02:16,0.36,"Rain, Overcast"
2023-11-24,11.6,5.1,9.4,11.6,1.8,8.2,5.0,74.6,0.339,100.0,12.5,rain,0.0,0.0,51.0,22.8,330.0,1019.9,85.1,22.0,10.4,0.8,1,10,2023-11-24 08:12:43,2023-11-24 17:01:24,0.4,"Rain, Partially cloudy"
2023-11-25,7.8,3.4,5.1,5.2,0.3,2.3,0.5,72.8,0.0,0.0,0.0,dry,0.0,0.0,37.9,17.2,316.4,1020.5,28.9,23.3,15.3,1.3,1,10,2023-11-25 08:14:09,2023-11-25 17:00:34,0.43,Partially cloudy
2023-11-26,6.7,1.1,3.8,4.3,-0.4,2.1,0.5,79.3,0.021,100.0,8.33,rain,0.0,0.0,29.0,13.1,234.1,1019.4,77.1,20.4,20.0,1.7,1,10,2023-11-26 08:15:34,2023-11-26 16:59:47,0.47,"Rain, Partially cloudy"
2023-11-27,9.1,4.0,6.3,6.8,0.9,3.4,4.7,89.8,5.277,100.0,50.0,rain,0.0,0.0,51.9,21.5,234.9,1004.0,98.0,15.6,7.3,0.5,0,10,2023-11-27 08:16:58,2023-11-27 16:59:03,0.5,"Rain, Overcast"
2023-11-28,7.2,3.4,5.7,5.2,1.6,3.2,2.5,80.3,0.391,100.0,16.67,rain,0.0,0.0,48.7,20.6,334.4,1007.3,75.4,21.5,16.8,1.3,1,10,2023-11-28 08:18:20,2023-11-28 16:58:21,0.53,"Rain, Partially cloudy"
2023-11-29,8.8,2.5,5.2,6.9,-0.3,3.7,2.8,85.0,0.0,0.0,0.0,dry,0.0,0.0,27.5,13.1,208.7,1006.5,84.1,17.2,16.0,1.3,1,10,2023-11-29 08:19:41,2023-11-29 16:57:43,0.57,Partially cloudy
2023-11-30,7.1,2.6,4.5,5.9,0.5,2.6,1.7,82.3,0.014,100.0,4.17,rain,0.0,0.0,30.0,14.1,84.2,1000.1,89.0,17.3,9.9,0.8,1,10,2023-11-30 08:21:01,2023-11-30 16:57:07,0.6,"Rain, Partially cloudy"
2023-12-01,4.8,0.7,2.9,2.3,-3.6,-0.5,0.1,82.1,0.0,0.0,0.0,rain,0.0,0.0,36.9,18.2,34.6,1004.6,99.0,9.3,7.4,0.7,1,10,2023-12-01 08:22:20,2023-12-01 16:56:33,0.63,Overcast
2023-12-02,3.4,-1.5,0.6,1.4,-5.9,-2.6,-4.2,70.9,0.0,0.0,0.0,dry,0.0,0.0,35.1,18.0,349.7,1015.8,51.5,13.5,12.8,1.1,1,10,2023-12-02 08:23:36,2023-12-02 16:56:03,0.66,Partially cloudy
2023-12-03,3.5,-2.0,0.8,-0.1,-5.9,-3.1,-3.5,73.1,0.0,0.0,0.0,dry,0.0,0.0,51.0,21.4,180.0,1019.3,84.0,15.5,16.9,1.4,1,10,2023-12-03 08:24:51,2023-12-03 16:55:36,0.69,Partially cloudy
2023-12-04,9.5,2.7,6.0,7.0,-1.3,2.9,3.2,83.1,9.843,100.0,45.83,rain,0.3,0.0,51.0,21.3,183.4,1002.2,99.3,17.2,5.8,0.5,0,10,2023-12-04 08:26:05,2023-12-04 16:55:11,0.73,"Rain, Overcast"
2023-12-05,8.4,6.5,7.4,6.0,2.6,4.6,5.2,86.1,5.578,100.0,33.33,rain,0.0,0.0,58.6,24.5,266.5,1006.7,97.3,20.6,12.4,1.0,1,10,2023-12-05 08:27:16,2023-12-05 16:54:50,0.75,"Rain, Overcast"
2023-12-06,8.3,3.6,5.9,8.3,1.2,4.4,3.7,86.0,0.023,100.0,8.33,rain,0.0,0.0,25.4,13.2,292.6,1018.0,76.1,16.0,8.3,0.7,0,10,2023-12-06 08:28:26,2023-12-06 16:54:31,0.79,"Rain, Partially cloudy"
2023-12-07,5.7,3.0,4.4,2.9,-0.1,1.4,2.7,88.8,6.886,100.0,16.67,rain,0.0,0.0,38.7,19.6,154.3,1014.1,98.5,13.8,6.1,0.5,0,10,2023-12-07 08:29:33,2023-12-07 16:54:15,0.82,"Rain, Overcast"
2023-12-08,11.0,5.7,8.2,11.0,3.0,7.0,7.1,92.6,2.234,100.0,12.5,rain,0.0,0.0,27.8,12.8,230.6,1010.2,85.5,12.5,9.8,0.8,1,10,2023-12-08 08:30:39,2023-12-08 16:54:03,0.85,"Rain, Partially cloudy"
2023-12-09,12.9,6.1,9.4,12.9,3.6,7.9,7.7,89.9,16.002,100.0,50.0,rain,0.0,0.0,62.4,28.1,227.5,1006.2,90.2,11.1,6.3,0.6,0,10,2023-12-09 08:31:43,2023-12-09 16:53:53,0.89,"Rain, Overcast"
2023-12-10,12.4,8.7,10.3,12.4,6.4,9.3,8.1,86.4,1.94,100.0,25.0,rain,0.0,0.0,59.5,25.6,225.6,1011.1,90.7,17.0,10.4,0.8,1,10,2023-12-10 08:32:44,2023-12-10 16:53:47,0.92,"Rain, Overcast"
2023-12-11,12.6,10.0,11.1,12.6,8.8,11.0,8.8,86.0,0.144,100.0,4.17,rain,0.0,0.0,34.5,16.7,239.4,1009.4,83.5,18.1,11.5,1.0,1,10,2023-12-11 08:33:43,2023-12-11 16:53:43,0.95,"Rain, Partially cloudy"
2023-12-12,12.8,10.3,11.5,12.8,10.3,11.5,10.1,91.4,1.453,100.0,41.67,rain,0.0,0.0,43.3,18.0,217.4,1005.0,91.2,16.8,10.0,1.0,0,10,2023-12-12 08:34:40,2023-12-12 16:53:43,0.98,"Rain, Overcast"
2023-12-13,10.5,7.6,8.8,10.5,5.3,7.0,7.1,88.8,1.13,100.0,29.17,rain,0.0,0.0,39.1,17.3,271.8,1001.9,92.4,20.0,7.5,0.6,0,10,2023-12-13 08:35:34,2023-12-13 16:53:46,0.0,"Rain, Overcast"
2023-12-14,8.3,7.5,8.0,7.0,4.5,5.7,5.2,83.0,0.256,100.0,29.17,rain,0.0,0.0,45.0,21.6,312.8,1021.4,98.5,22.2,10.3,0.9,1,10,2023-12-14 08:36:26,2023-12-14 16:53:51,0.05,"Rain, Overcast"
2023-12-15,10.5,7.6,8.8,10.5,6.5,8.1,6.4,84.9,0.929,100.0,8.33,rain,0.0,0.0,25.6,12.2,302.7,1036.5,93.7,15.0,13.7,1.3,1,10,2023-12-15 08:37:16,2023-12-15 16:54:00,0.09,"Rain, Overcast"
2023-12-16,10.9,4.0,7.1,10.9,2.4,6.5,3.3,77.7,0.0,0.0,0.0,dry,0.0,0.0,16.5,8.4,222.0,1042.8,42.4,18.4,10.3,1.0,1,10,2023-12-16 08:38:03,2023-12-16 16:54:12,0.12,Partially cloudy
2023-12-17,5.5,0.2,2.6,4.6,-1.9,0.8,1.7,93.8,0.007,100.0,4.17,rain,0.0,0.0,21.6,11.2,175.9,1039.6,56.8,6.1,10.9,1.1,1,10,2023-12-17 08:38:47,2023-12-17 16:54:27,0.16,"Rain, Partially cloudy"
2023-12-18,3.2,0.8,1.8,1.1,-2.8,-0.8,1.1,95.0,0.0,0.0,0.0,dry,0.0,0.0,30.0,13.0,221.0,1036.0,100.0,8.2,7.0,0.6,0,10,2023-12-18 08:39:29,2023-12-18 16:54:45,0.2,Overcast
2023-12-19,9.4,2.8,6.2,7.1,-0.1,3.5,4.8,90.8,1.184,100.0,16.67,rain,0.0,0.0,44.1,19.6,221.1,1026.4,99.8,12.2,9.1,0.7,0,10,2023-12-19 08:40:08,2023-12-19 16:55:06,0.25,"Rain, Overcast"
2023-12-20,9.6,5.4,8.1,7.5,2.8,5.8,5.6,84.7,0.042,100.0,12.5,rain,0.0,0.0,44.3,20.7,274.9,1023.1,73.8,22.3,8.0,0.7,1,10,2023-12-20 08:40:44,2023-12-20 16:55:29,0.27,"Rain, Partially cloudy"
2023-12-21,11.9,9.1,10.8,11.9,6.6,10.2,8.6,86.7,0.604,100.0,41.67,rain,0.0,0.0,56.7,23.0,274.1,1013.9,96.9,16.4,6.0,0.6,0,10,2023-12-21 08:41:18,2023-12-21 16:55:56,0.3,"Rain, Overcast"
2023-12-22,11.5,9.0,10.4,11.5,6.4,9.8,7.5,82.3,0.395,100.0,33.33,rain,0.0,0.0,53.6,22.9,284.4,1017.0,97.0,19.0,6.3,0.6,0,10,2023-12-22 08:41:49,2023-12-22 16:56:26,0.34,"Rain, Overcast"
2023-12-23,12.0,9.0,10.3,12.0,6.6,9.2,7.0,79.8,0.0,0.0,0.0,rain,0.0,0.0,46.4,20.2,265.3,1020.1,98.5,25.9,9.4,0.7,0,10,2023-12-23 08:42:16,2023-12-23 16:56:59,0.37,Overcast
2023-12-24,12.5,9.7,11.1,12.5,7.0,10.6,7.2,77.2,0.007,100.0,4.17,rain,0.0,0.0,51.8,23.3,240.9,1016.8,96.5,24.8,13.3,1.2,1,10,2023-12-24 08:42:41,2023-12-24 16:57:34,0.41,"Rain, Overcast"
2023-12-25,12.3,11.1,11.7,12.3,11.1,11.7,8.6,81.6,0.018,100.0,12.5,rain,0.0,0.0,45.9,19.4,241.3,1016.2,99.6,23.2,9.3,0.7,0,10,2023-12-25 08:43:03,2023-12-25 16:58:13,0.44,"Rain, Overcast"
2023-12-26,11.4,10.0,10.7,11.4,10.0,10.7,8.3,85.3,0.211,100.0,16.67,rain,0.0,0.0,40.3,18.4,235.1,1019.1,99.6,17.6,6.2,0.6,0,10,2023-12-26 08:43:22,2023-12-26 16:58:54,0.48,"Rain, Overcast"
2023-12-27,10.9,7.8,9.5,10.9,5.2,7.9,4.9,74.7,0.007,100.0,4.17,rain,0.0,0.0,57.3,24.8,198.1,1016.8,95.0,24.1,13.8,1.2,1,10,2023-12-27 08:43:39,2023-12-27 16:59:38,0.5,"Rain, Overcast"
2023-12-28,11.5,9.2,10.3,11.5,6.8,9.5,7.8,84.3,0.0,0.0,0.0,dry,0.0,0.0,52.7,24.8,215.7,1016.9,94.4,24.8,10.7,1.1,1,10,2023-12-28 08:43:52,2023-12-28 17:00:25,0.55,Overcast
2023-12-29,11.7,9.0,10.4,11.7,6.6,9.7,8.0,84.9,1.231,100.0,16.67,rain,0.0,0.0,51.6,24.0,224.1,1015.8,92.5,22.7,12.4,1.0,1,10,2023-12-29 08:44:02,2023-12-29 17:01:14,0.58,"Rain, Overcast"
2023-12-30,11.1,7.2,9.2,11.1,5.1,7.7,7.5,89.5,0.034,100.0,12.5,rain,0.0,0.0,47.7,20.2,204.0,1014.4,85.9,22.4,8.8,0.7,0,10,2023-12-30 08:44:09,2023-12-30 17:02:06,0.61,"Rain, Partially cloudy"
2023-12-31,11.0,7.7,9.3,11.0,4.2,7.0,5.0,74.8,1.059,100.0,12.5,rain,0.0,0.0,76.4,34.7,218.6,1002.1,80.1,23.6,11.6,1.1,1,10,2023-12-31 08:44:13,2023-12-31 17:03:00,0.64,"Rain, Partially cloudy"
2024-01-01,10.6,6.0,8.0,10.6,2.7,5.3,4.9,80.7,2.9,100.0,16.67,rain,0.0,0.0,53.5,24.8,219.1,1009.3,78.8,20.5,14.7,1.4,1,10,2024-01-01 08:44:14,2024-01-01 17:03:57,0.68,"Rain, Partially cloudy"
2024-01-02,11.7,9.8,10.8,11.7,6.3,10.7,9.2,89.8,11.939,100.0,70.83,rain,0.0,0.0,80.3,36.1,221.7,998.6,97.1,15.5,3.8,0.2,0,10,2024-01-02 08:44:12,2024-01-02 17:04:56,0.71,"Rain, Overcast"
2024-01-03,12.5,9.0,10.7,12.5,5.9,10.2,7.7,81.7,5.146,100.0,54.17,rain,0.0,0.0,69.4,27.7,240.0,999.7,90.6,19.1,8.1,0.7,1,10,2024-01-03 08:44:07,2024-01-03 17:05:58,0.74,"Rain, Overcast"
2024-01-04,11.0,7.5,9.5,11.0,5.2,8.0,6.8,83.1,0.021,100.0,8.33,rain,0.0,0.0,57.9,25.7,216.3,1006.2,82.7,19.2,11.9,0.9,1,10,2024-01-04 08:43:59,2024-01-04 17:07:02,0.75,"Rain, Partially cloudy"
2024-01-05,9.8,5.9,7.7,7.1,3.3,5.5,4.3,79.2,0.014,100.0,8.33,rain,0.0,0.0,61.9,22.8,253.4,1004.2,62.3,22.1,9.8,0.8,1,10,2024-01-05 08:43:48,2024-01-05 17:08:08,0.8,"Rain, Partially cloudy"
2024-01-06,7.2,5.1,5.9,4.2,1.3,3.2,3.0,81.7,0.609,100.0,8.33,rain,0.0,0.0,41.5,19.7,332.2,1013.1,90.2,19.4,10.5,0.9,1,10,2024-01-06 08:43:34,2024-01-06 17:09:16,0.84,"Rain, Overcast"
2024-01-07,4.9,1.7,3.5,1.3,-3.4,-0.6,0.5,80.7,0.027,100.0,4.17,rain,0.0,0.0,50.0,22.5,11.0,1021.1,98.1,17.6,5.6,0.5,0,10,2024-01-07 08:43:17,2024-01-07 17:10:27,0.87,"Rain, Overcast"
2024-01-08,0.9,-1.4,-0.7,-3.9,-7.1,-5.9,-5.2,72.0,0.15,100.0,8.33,"rain,snow",0.6,0.1,50.8,26.3,41.7,1026.9,98.4,16.2,7.8,0.6,0,10,2024-01-08 08:42:57,2024-01-08 17:11:39,0.9,"Snow, Rain, Overcast"
2024-01-09,-1.3,-2.4,-1.8,-5.5,-7.3,-6.3,-6.1,72.6,0.144,100.0,4.17,"rain,snow",0.6,1.1,33.8,16.6,71.8,1026.5,98.0,16.2,11.1,1.0,1,10,2024-01-09 08:42:34,2024-01-09 17:12:53,0.93,"Snow, Rain, Overcast"
2024-01-10,0.8,-2.1,-0.8,-1.4,-5.8,-4.2,-5.4,71.5,0.007,100.0,4.17,"rain,snow",0.0,0.3,29.1,12.9,70.0,1025.9,89.9,14.3,18.0,1.5,1,10,2024-01-10 08:42:09,2024-01-10 17:14:09,0.97,"Snow, Rain, Partially cloudy"
2024-01-11,2.3,-1.7,-0.2,-1.7,-5.7,-4.5,-5.2,69.5,0.0,0.0,0.0,dry,0.0,0.0,39.4,21.5,22.2,1031.2,13.0,12.5,14.5,1.3,2,10,2024-01-11 08:41:40,2024-01-11 17:15:27,0.0,Clear
2024-01-12,2.9,-0.3,1.7,-0.3,-5.2,-2.0,-0.8,83.4,0.0,0.0,0.0,dry,0.0,0.0,35.4,18.6,33.1,1033.3,93.3,11.0,7.2,0.5,1,10,2024-01-12 08:41:09,2024-01-12 17:16:47,0.03,Overcast
2024-01-13,0.0,-2.0,-1.2,-0.8,-4.9,-2.8,-2.2,92.9,0.0,0.0,0.0,dry,0.0,0.0,21.2,9.0,128.7,1027.3,100.0,5.1,6.1,0.6,0,10,2024-01-13 08:40:34,2024-01-13 17:18:08,0.07,Overcast
2024-01-14,-0.2,-3.0,-1.8,-2.6,-5.6,-4.4,-3.5,88.0,0.0,0.0,0.0,"rain,snow",0.1,0.0,22.1,11.8,207.5,1016.1,100.0,6.4,12.5,0.9,1,10,2024-01-14 08:39:57,2024-01-14 17:19:31,0.1,Overcast
2024-01-15,4.6,-0.4,1.8,0.9,-3.0,-0.9,-2.8,73.5,0.0,0.0,0.0,"rain,snow",0.1,0.0,43.1,19.0,310.0,1011.3,77.8,15.8,43.2,3.7,3,10,2024-01-15 08:39:17,2024-01-15 17:20:55,0.14,Partially cloudy
2024-01-16,3.5,-3.7,-0.7,2.8,-4.9,-2.0,-4.7,74.8,0.0,0.0,0.0,dry,0.0,0.0,23.9,11.0,157.4,1010.7,67.5,15.6,14.0,1.2,2,10,2024-01-16 08:38:35,2024-01-16 17:22:20,0.17,Partially cloudy
2024-01-17,5.7,-0.5,1.7,4.1,-3.3,-1.0,0.7,94.0,16.877,100.0,70.83,"rain,snow",0.2,0.0,28.6,16.0,51.7,990.9,99.4,5.2,13.5,1.1,1,10,2024-01-17 08:37:50,2024-01-17 17:23:47,0.21,"Snow, Rain, Overcast"
2024-01-18,2.9,-0.5,0.7,-0.8,-5.6,-3.4,-1.3,86.6,9.881,100.0,33.33,"rain,freezingrain,snow",5.4,1.1,46.3,21.4,2.6,1002.9,71.2,10.8,19.8,1.6,2,10,2024-01-18 08:37:02,2024-01-18 17:25:15,0.25,"Snow, Rain, Freezing Drizzle/Freezing Rain, Partially cloudy"
2024-01-19,4.5,-2.6,-0.3,3.4,-5.1,-2.3,-2.7,84.7,0.0,0.0,0.0,dry,0.0,3.9,21.0,10.6,206.3,1023.6,47.3,13.0,51.0,4.2,3,10,2024-01-19 08:36:11,2024-01-19 17:26:44,0.28,Partially cloudy
2024-01-20,2.8,-4.1,-0.8,1.0,-6.2,-3.3,-4.0,80.1,0.0,0.0,0.0,dry,0.0,0.5,30.2,14.4,152.5,1029.6,59.6,14.2,22.2,2.0,2,10,2024-01-20 08:35:18,2024-01-20 17:28:15,0.31,Partially cloudy
2024-01-21,9.5,-0.9,3.8,6.0,-5.6,0.1,1.0,81.8,0.007,100.0,4.17,rain,0.0,0.2,68.6,31.3,204.3,1024.0,97.6,18.1,12.9,1.1,1,10,2024-01-21 08:34:23,2024-01-21 17:29:46,0.35,"Rain, Overcast"
2024-01-22,12.8,8.7,10.9,12.8,5.9,10.0,7.0,77.4,0.37,100.0,20.83,rain,0.0,0.0,84.0,37.8,236.8,1018.3,79.1,20.3,15.9,1.3,1,10,2024-01-22 08:33:25,2024-01-22 17:31:19,0.38,"Rain, Partially cloudy"
2024-01-23,13.3,7.4,9.6,13.3,5.0,8.1,7.0,84.4,0.211,100.0,16.67,rain,0.0,0.0,58.9,21.4,229.0,1028.6,92.1,16.0,21.6,1.9,1,10,2024-01-23 08:32:24,2024-01-23 17:32:52,0.42,"Rain, Overcast"
2024-01-24,14.3,12.5,13.4,14.3,12.5,13.4,9.3,77.1,0.481,100.0,12.5,rain,0.0,0.0,62.7,24.0,259.1,1029.4,90.7,19.7,16.6,1.5,1,10,2024-01-24 08:31:21,2024-01-24 17:34:26,0.45,"Rain, Overcast"
2024-01-25,13.4,10.0,11.4,13.4,9.7,11.3,9.8,90.5,0.675,100.0,29.17,rain,0.0,0.0,32.5,12.9,222.0,1030.5,96.8,12.2,12.5,1.0,1,10,2024-01-25 08:30:16,2024-01-25 17:36:01,0.5,"Rain, Overcast"
2024-01-26,12.1,4.7,10.2,12.1,3.3,9.8,5.3,73.9,0.772,100.0,16.67,rain,0.0,0.0,56.7,22.0,278.6,1031.0,62.4,18.4,22.8,2.0,2,10,2024-01-26 08:29:09,2024-01-26 17:37:36,0.52,"Rain, Partially cloudy"
2024-01-27,8.1,1.0,4.3,6.5,-0.5,2.9,0.3,76.4,0.007,100.0,4.17,rain,0.0,0.0,22.6,11.1,125.1,1035.5,55.2,17.3,22.0,1.9,1,10,2024-01-27 08:27:59,2024-01-27 17:39:12,0.56,"Rain, Partially cloudy"
2024-01-28,8.8,1.5,4.8,7.3,-1.5,2.9,2.2,83.6,0.0,0.0,0.0,dry,0.0,0.0,24.7,12.6,147.4,1027.4,75.0,17.9,17.4,1.6,1,10,2024-01-28 08:26:47,2024-01-28 17:40:49,0.59,Partially cloudy
2024-01-29,14.0,4.7,8.6,14.0,2.7,7.6,5.8,83.3,0.0,0.0,0.0,dry,0.0,0.0,32.1,14.5,187.9,1027.4,85.4,18.7,22.3,1.8,1,10,2024-01-29 08:25:33,2024-01-29 17:42:26,0.62,Partially cloudy
2024-01-30,11.4,8.3,10.0,11.4,7.1,9.6,6.4,78.8,0.0,0.0,0.0,dry,0.0,0.0,26.6,13.0,258.5,1030.8,94.1,20.9,13.3,1.2,1,10,2024-01-30 08:24:17,2024-01-30 17:44:04,0.65,Overcast
2024-01-31,9.9,5.0,7.8,8.3,4.5,6.6,3.3,73.4,0.0,0.0,0.0,dry,0.0,0.0,28.5,13.2,211.6,1034.5,84.5,20.4,22.5,1.9,2,10,2024-01-31 08:22:59,2024-01-31 17:45:42,0.69,Partially cloudy
2024-02-01,11.8,7.8,10.0,11.8,6.7,9.3,7.8,86.2,0.23,100.0,16.67,rain,0.0,0.0,30.4,13.8,292.2,1033.4,93.7,16.6,10.6,0.9,1,10,2024-02-01 08:21:39,2024-02-01 17:47:20,0.72,"Rain, Overcast"
2024-02-02,9.8,3.2,6.5,8.5,1.3,4.9,4.8,89.3,0.007,100.0,4.17,rain,0.0,0.0,27.6,13.7,245.4,1035.4,78.1,13.2,22.5,1.8,2,10,2024-02-02 08:20:17,2024-02-02 17:48:59,0.75,"Rain, Partially cloudy"
2024-02-03,10.7,8.0,9.5,10.7,6.2,8.8,7.8,89.0,0.19,100.0,16.67,rain,0.0,0.0,31.8,12.3,259.2,1032.9,99.9,15.9,13.7,1.2,1,10,2024-02-03 08:18:53,2024-02-03 17:50:38,0.75,"Rain, Overcast"
2024-02-04,10.5,9.3,9.7,10.5,7.3,8.5,7.4,85.7,0.04,100.0,8.33,rain,0.0,0.0,37.7,17.2,251.3,1031.2,99.7,20.5,13.2,1.1,1,10,2024-02-04 08:17:27,2024-02-04 17:52:17,0.82,"Rain, Overcast"
2024-02-05,9.5,7.6,8.7,8.2,4.7,6.6,5.4,80.0,0.0,0.0,0.0,dry,0.0,0.0,36.7,19.6,237.3,1027.7,99.7,20.3,9.8,0.9,0,10,2024-02-05 08:15:59,2024-02-05 17:53:56,0.85,Overcast
2024-02-06,12.0,7.5,9.8,12.0,4.6,8.5,6.7,81.2,0.0,0.0,0.0,rain,0.0,0.0,49.9,21.7,225.9,1020.4,97.7,18.1,14.7,1.2,1,10,2024-02-06 08:14:30,2024-02-06 17:55:35,0.88,Overcast
2024-02-07,12.3,10.9,11.4,12.3,10.9,11.4,9.7,89.5,3.504,100.0,54.17,rain,0.0,0.0,58.3,30.8,225.8,1008.8,99.7,12.5,14.1,1.2,1,10,2024-02-07 08:12:58,2024-02-07 17:57:15,0.92,"Rain, Overcast"
2024-02-08,13.7,10.6,12.2,13.7,10.6,12.2,10.5,89.5,4.787,100.0,54.17,rain,0.0,0.0,63.7,25.5,216.0,998.5,98.7,14.0,14.3,1.1,1,10,2024-02-08 08:11:26,2024-02-08 17:58:54,0.95,"Rain, Overcast"
2024-02-09,13.6,9.6,11.5,13.6,7.7,11.4,8.4,81.3,0.757,100.0,4.17,rain,0.0,0.0,57.6,24.1,204.2,986.4,91.5,23.0,17.5,1.5,1,10,2024-02-09 08:09:51,2024-02-09 18:00:34,0.0,"Rain, Overcast"
2024-02-10,10.3,6.7,8.6,10.3,4.5,7.4,7.4,92.4,5.709,100.0,37.5,rain,0.0,0.7,45.1,20.4,202.9,985.6,93.0,15.1,9.2,0.7,0,10,2024-02-10 08:08:15,2024-02-10 18:02:13,0.02,"Rain, Overcast"
2024-02-11,10.7,7.1,8.9,10.7,4.7,7.0,6.4,84.8,0.395,100.0,12.5,rain,0.0,0.0,53.9,23.5,240.7,993.4,95.5,18.6,18.5,1.8,1,10,2024-02-11 08:06:37,2024-02-11 18:03:53,0.05,"Rain, Overcast"
2024-02-12,10.7,5.4,7.4,10.7,3.3,6.4,4.4,81.7,0.021,100.0,8.33,rain,0.0,0.0,32.9,12.3,261.9,1007.9,68.6,20.5,24.8,2.1,3,10,2024-02-12 08:04:58,2024-02-12 18:05:32,0.09,"Rain, Partially cloudy"
2024-02-13,10.4,3.0,7.1,10.4,1.7,5.5,4.5,83.9,0.159,100.0,20.83,rain,0.0,0.0,47.8,23.0,199.8,1018.8,81.6,17.5,20.7,1.7,1,10,2024-02-13 08:03:18,2024-02-13 18:07:12,0.12,"Rain, Partially cloudy"
2024-02-14,15.3,9.7,12.1,15.3,7.4,11.8,10.1,88.0,0.046,100.0,12.5,rain,0.0,0.0,39.5,17.0,213.1,1019.9,95.7,17.3,28.6,2.5,2,10,2024-02-14 08:01:36,2024-02-14 18:08:51,0.15,"Rain, Overcast"
2024-02-15,18.4,9.9,13.8,18.4,8.8,13.8,8.5,71.7,0.0,0.0,0.0,rain,0.0,0.0,35.3,15.2,161.0,1013.9,91.7,21.2,31.4,2.5,2,10,2024-02-15 07:59:53,2024-02-15 18:10:30,0.19,Overcast
2024-02-16,15.1,10.9,13.4,15.1,10.9,13.4,8.7,73.7,0.183,100.0,4.17,rain,0.0,0.0,45.8,21.8,270.1,1017.3,95.7,22.5,16.9,1.4,1,10,2024-02-16 07:58:08,2024-02-16 18:12:09,0.25,"Rain, Overcast"
2024-02-17,14.8,9.4,11.6,14.8,7.7,11.5,4.4,61.4,0.0,0.0,0.0,dry,0.0,0.0,34.2,12.3,252.4,1032.7,79.3,22.0,33.1,3.0,3,10,2024-02-17 07:56:22,2024-02-17 18:13:47,0.26,Partially cloudy
2024-02-18,12.0,7.2,9.4,12.0,4.7,8.1,7.0,85.1,2.449,100.0,37.5,rain,0.0,0.0,43.3,17.4,221.9,1031.2,97.2,17.8,10.7,0.8,0,10,2024-02-18 07:54:35,2024-02-18 18:15:26,0.29,"Rain, Overcast"
2024-02-19,11.8,9.2,10.8,11.8,7.8,10.6,8.4,85.6,0.017,100.0,4.17,rain,0.0,0.0,36.5,15.7,287.0,1032.2,95.6,17.5,17.8,1.5,1,10,2024-02-19 07:52:47,2024-02-19 18:17:04,0.33,"Rain, Overcast"
2024-02-20,9.8,7.3,8.4,8.0,5.5,6.8,6.5,87.7,0.0,0.0,0.0,dry,0.0,0.0,31.6,14.4,246.3,1031.4,94.9,12.8,28.5,2.7,1,10,2024-02-20 07:50:57,2024-02-20 18:18:42,0.36,Overcast
2024-02-21,10.9,6.6,8.6,10.9,4.0,6.7,6.7,88.4,8.219,100.0,33.33,rain,0.0,0.0,60.4,29.2,205.5,1017.1,97.3,13.8,18.3,1.6,1,10,2024-02-21 07:49:07,2024-02-21 18:20:20,0.39,"Rain, Overcast"
2024-02-22,13.0,6.2,10.8,13.0,2.8,9.8,8.8,87.8,12.949,100.0,75.0,rain,0.0,0.0,90.0,38.7,229.4,994.3,93.7,12.4,17.7,1.5,1,10,2024-02-22 07:47:15,2024-02-22 18:21:57,0.43,"Rain, Overcast"
2024-02-23,8.9,4.5,6.1,6.3,0.7,2.9,3.1,81.1,0.301,100.0,25.0,rain,0.0,0.0,48.5,22.4,214.7,994.9,82.3,22.6,28.0,2.4,2,10,2024-02-23 07:45:23,2024-02-23 18:23:34,0.46,"Rain, Partially cloudy"
2024-02-24,9.0,3.5,5.6,6.1,-0.3,2.4,2.7,82.2,4.344,100.0,12.5,rain,0.0,0.0,52.0,21.9,214.4,999.9,94.2,22.2,18.9,1.6,1,10,2024-02-24 07:43:29,2024-02-24 18:25:11,0.5,"Rain, Overcast"
2024-02-25,8.7,5.0,6.8,6.3,1.4,3.9,5.4,90.9,2.965,100.0,29.17,rain,0.0,0.0,44.4,20.1,170.1,997.3,98.3,16.3,14.9,1.3,1,10,2024-02-25 07:41:35,2024-02-25 18:26:48,0.53,"Rain, Overcast"
2024-02-26,10.0,5.7,7.8,10.0,1.4,5.4,6.9,94.1,6.438,100.0,62.5,rain,0.0,0.0,63.4,30.3,41.3,996.8,99.3,13.5,10.0,0.9,0,10,2024-02-26 07:39:40,2024-02-26 18:28:25,0.57,"Rain, Overcast"
2024-02-27,9.3,5.0,6.6,6.8,0.8,3.2,3.5,80.9,0.701,100.0,12.5,rain,0.0,0.0,56.7,27.3,9.4,1017.1,94.9,15.3,25.1,2.0,1,10,2024-02-27 07:37:43,2024-02-27 18:30:01,0.6,"Rain, Overcast"
2024-02-28,10.8,2.5,6.7,10.8,1.2,5.4,3.8,82.4,0.0,0.0,0.0,dry,0.0,0.0,34.1,15.9,237.3,1022.7,61.0,18.9,33.5,2.9,1,10,2024-02-28 07:35:46,2024-02-28 18:31:37,0.63,Partially cloudy
2024-02-29,10.6,7.8,9.2,10.6,4.8,7.7,7.9,91.7,3.272,100.0,33.33,rain,0.0,0.7,39.3,18.0,196.3,1010.7,99.8,16.0,14.6,1.3,1,10,2024-02-29 07:33:48,2024-02-29 18:33:12,0.67,"Rain, Overcast"
2024-03-01,10.7,4.8,7.3,10.7,1.0,4.8,4.9,85.0,5.191,100.0,20.83,rain,0.0,0.0,67.8,26.8,206.2,1002.3,87.9,19.7,30.7,2.5,2,10,2024-03-01 07:31:50,2024-03-01 18:34:47,0.7,"Rain, Partially cloudy"
2024-03-02,8.4,4.8,6.4,7.9,1.7,4.2,5.2,92.0,12.746,100.0,41.67,rain,0.0,0.0,42.4,19.2,201.1,997.4,91.1,15.2,17.3,1.4,1,10,2024-03-02 07:29:51,2024-03-02 18:36:22,0.73,"Rain, Overcast"
2024-03-03,9.4,5.4,6.7,7.2,3.5,5.0,3.8,82.5,3.384,100.0,25.0,rain,0.0,0.0,31.7,15.0,318.0,1002.9,92.4,17.1,37.4,3.2,2,10,2024-03-03 07:27:51,2024-03-03 18:37:57,0.75,"Rain, Overcast"
2024-03-04,11.7,2.2,7.0,11.7,0.9,5.9,1.9,71.8,0.0,0.0,0.0,rain,0.0,0.0,43.6,18.4,199.9,1012.3,71.2,19.9,45.1,4.0,4,10,2024-03-04 07:25:50,2024-03-04 18:39:32,0.8,Partially cloudy
2024-03-05,10.4,5.4,7.5,10.4,2.7,5.5,4.2,80.0,1.025,100.0,29.17,rain,0.0,0.0,38.7,17.2,227.8,1014.3,96.3,20.3,28.3,2.5,1,10,2024-03-05 07:23:49,2024-03-05 18:41:06,0.83,"Rain, Overcast"
2024-03-06,9.8,5.5,7.1,9.8,3.6,5.9,4.1,81.4,2.462,100.0,8.33,rain,0.0,0.0,20.6,10.3,79.2,1021.1,89.4,17.2,24.1,2.0,1,10,2024-03-06 07:21:47,2024-03-06 18:42:40,0.87,"Rain, Partially cloudy"
2024-03-07,13.3,3.4,8.0,13.3,1.3,6.8,3.6,75.3,0.0,0.0,0.0,dry,0.0,0.0,37.6,19.8,98.1,1018.0,40.7,15.6,54.0,4.8,4,10,2024-03-07 07:19:45,2024-03-07 18:44:13,0.9,Partially cloudy
2024-03-08,13.5,3.6,8.8,13.5,1.2,7.5,2.9,67.6,0.0,0.0,0.0,dry,0.0,0.0,53.1,24.9,123.3,1004.6,59.7,15.7,36.1,3.0,3,10,2024-03-08 07:17:42,2024-03-08 18:45:47,0.94,Partially cloudy
2024-03-09,14.1,6.3,9.1,14.1,3.7,7.6,5.1,77.0,5.034,100.0,25.0,rain,0.0,0.0,47.3,19.1,144.5,995.3,84.4,20.5,24.9,2.2,1,10,2024-03-09 07:15:39,2024-03-09 18:47:20,0.97,"Rain, Partially cloudy"
2024-03-10,11.0,6.6,8.4,11.0,5.1,7.3,6.1,85.5,0.399,100.0,25.0,rain,0.0,0.0,28.3,12.0,182.6,995.2,92.3,21.0,34.7,2.9,3,10,2024-03-10 07:13:35,2024-03-10 18:48:53,0.0,"Rain, Overcast"
2024-03-11,12.0,6.1,8.6,12.0,4.7,7.6,5.5,81.7,0.866,100.0,25.0,rain,0.0,0.0,41.7,18.1,280.0,1006.6,92.4,16.8,21.9,1.9,1,10,2024-03-11 07:11:31,2024-03-11 18:50:25,0.04,"Rain, Overcast"
2024-03-12,11.7,7.7,9.6,11.7,5.3,8.5,7.9,88.7,5.744,100.0,37.5,rain,0.0,0.0,35.3,16.2,242.7,1017.2,97.4,12.6,23.4,2.0,1,10,2024-03-12 07:09:27,2024-03-12 18:51:58,0.07,"Rain, Overcast"
2024-03-13,13.5,9.6,11.6,13.5,9.1,11.6,9.0,84.4,0.0,0.0,0.0,dry,0.0,0.0,27.5,13.8,226.1,1018.1,97.3,19.8,27.5,2.4,1,10,2024-03-13 07:07:22,2024-03-13 18:53:30,0.1,Overcast
2024-03-14,18.5,6.3,12.2,18.5,5.5,11.8,8.0,77.5,0.144,100.0,4.17,rain,0.0,0.7,34.1,16.2,194.1,1012.7,58.5,18.2,43.3,3.8,4,10,2024-03-14 07:05:17,2024-03-14 18:55:02,0.14,"Rain, Partially cloudy"
2024-03-15,17.3,11.9,13.8,17.3,11.9,13.8,10.1,78.5,1.425,100.0,33.33,rain,0.0,0.0,50.0,20.5,231.2,1012.3,94.4,20.9,88.3,7.6,6,10,2024-03-15 07:03:11,2024-03-15 18:56:34,0.17,"Rain, Overcast"
2024-03-16,14.7,10.0,12.2,14.7,8.2,12.2,7.1,71.7,0.525,100.0,16.67,rain,0.0,0.0,51.2,19.8,274.5,1021.2,89.6,21.3,89.8,7.7,5,10,2024-03-16 07:01:06,2024-03-16 18:58:06,0.2,"Rain, Partially cloudy"
2024-03-17,15.0,10.4,12.1,15.0,10.4,12.1,10.4,89.4,2.39,100.0,29.17,rain,0.0,0.0,32.9,16.3,185.1,1019.6,92.7,16.0,60.8,5.3,3,10,2024-03-17 06:59:00,2024-03-17 18:59:37,0.25,"Rain, Overcast"
2024-03-18,16.6,12.3,14.0,16.6,12.3,14.0,9.8,76.8,0.15,100.0,8.33,rain,0.0,0.0,28.3,14.1,298.3,1017.4,87.8,19.0,105.6,9.4,6,10,2024-03-18 06:56:54,2024-03-18 19:01:08,0.27,"Rain, Partially cloudy"
2024-03-19,18.0,8.8,13.0,18.0,8.8,13.0,8.3,74.7,0.0,0.0,0.0,dry,0.0,0.0,24.5,10.6,255.5,1018.3,72.8,18.8,146.8,12.6,6,10,2024-03-19 06:54:48,2024-03-19 19:02:39,0.3,Partially cloudy
2024-03-20,20.7,8.9,14.4,20.7,8.4,14.3,8.0,68.3,0.151,100.0,8.33,rain,0.0,0.0,20.7,7.8,109.5,1018.0,84.1,18.7,145.0,12.7,5,10,2024-03-20 06:52:42,2024-03-20 19:04:10,0.34,"Rain, Partially cloudy"
2024-03-21,19.4,10.2,14.9,19.4,10.2,14.9,8.1,65.5,0.0,0.0,0.0,dry,0.0,0.0,23.1,10.4,332.0,1025.0,76.2,18.3,155.5,13.3,6,10,2024-03-21 06:50:35,2024-03-21 19:05:41,0.37,Partially cloudy
2024-03-22,18.4,9.7,13.6,18.4,7.5,13.5,8.2,71.0,0.58,100.0,8.33,rain,0.0,0.0,48.8,18.8,300.2,1020.0,60.7,15.1,69.7,6.0,5,10,2024-03-22 06:48:29,2024-03-22 19:07:12,0.41,"Rain, Partially cloudy"
2024-03-23,11.8,5.6,7.8,11.8,2.4,5.3,3.9,77.7,4.863,100.0,45.83,rain,0.0,0.0,79.8,24.3,283.4,1016.4,83.7,18.6,47.5,4.1,5,10,2024-03-23 06:46:23,2024-03-23 19:08:42,0.44,"Rain, Partially cloudy"
2024-03-24,11.9,4.5,7.8,11.9,1.1,5.9,2.3,69.8,0.011,100.0,4.17,rain,0.0,0.0,53.0,20.1,282.8,1013.5,47.6,21.5,7.6,0.7,1,10,2024-03-24 06:44:16,2024-03-24 19:10:13,0.47,"Rain, Partially cloudy"
2024-03-25,13.8,3.4,8.6,13.8,1.4,8.1,2.2,66.0,0.007,100.0,4.17,rain,0.0,0.0,48.5,21.6,136.2,1003.0,72.1,19.3,0.0,0.0,0,10,2024-03-25 06:42:10,2024-03-25 19:11:43,0.5,"Rain, Partially cloudy"
2024-03-26,11.9,5.9,9.6,11.9,2.4,8.6,7.1,84.8,2.996,100.0,37.5,rain,0.0,0.0,48.2,26.5,171.2,989.0,91.8,14.2,0.0,0.0,0,10,2024-03-26 06:40:04,2024-03-26 19:13:13,0.54,"Rain, Overcast"
2024-03-27,12.7,5.6,8.5,12.7,2.7,6.6,4.5,76.7,0.134,100.0,8.33,rain,0.0,0.0,60.1,25.7,195.5,986.8,91.4,16.7,0.0,0.0,0,10,2024-03-27 06:37:58,2024-03-27 19:14:44,0.57,"Rain, Overcast"
2024-03-28,11.6,5.9,9.0,11.6,2.2,6.9,3.9,70.7,5.8,100.0,37.5,rain,0.0,0.0,68.4,40.7,198.6,987.2,87.7,9.9,0.0,0.0,0,10,2024-03-28 06:35:52,2024-03-28 19:16:14,0.61,"Rain, Partially cloudy"
2024-03-29,14.6,7.9,10.7,14.6,5.7,9.7,6.9,78.3,6.2,100.0,45.83,rain,0.0,0.0,51.1,24.1,193.9,993.1,91.7,9.8,0.0,0.0,0,10,2024-03-29 06:33:46,2024-03-29 19:17:44,0.64,"Rain, Overcast"
2024-03-30,10.9,6.6,8.4,10.9,4.5,7.1,6.2,86.8,13.6,100.0,41.67,rain,0.0,0.0,32.8,15.3,184.0,996.3,94.9,9.8,0.0,0.0,0,10,2024-03-30 06:31:40,2024-03-30 19:19:14,0.68,"Rain, Overcast"
2024-03-31,14.6,6.6,10.5,14.6,4.6,9.8,7.4,81.6,2.8,100.0,29.17,rain,0.0,0.0,47.5,22.2,137.4,992.9,76.0,9.9,34.5,2.9,3,10,2024-03-31 07:29:35,2024-03-31 20:20:43,0.71,"Rain, Partially cloudy"
2024-04-01,13.3,7.6,9.9,13.3,5.7,9.1,6.5,79.8,0.66,100.0,12.5,rain,0.0,0.0,63.0,25.9,218.7,998.3,90.0,12.1,62.5,5.4,4,10,2024-04-01 07:27:30,2024-04-01 20:22:13,0.75,"Rain, Partially cloudy"
2024-04-02,13.3,7.9,10.5,13.3,4.5,9.2,6.9,79.2,0.3,100.0,8.33,rain,0.0,0.0,56.9,30.1,212.2,1008.9,87.2,13.9,43.4,3.7,2,10,2024-04-02 07:25:25,2024-04-02 20:23:43,0.75,"Rain, Partially cloudy"
2024-04-03,17.0,10.2,13.1,17.0,10.2,13.1,9.4,79.7,7.816,100.0,41.67,rain,0.0,0.0,55.7,25.2,225.9,1007.5,91.4,17.6,84.8,7.4,6,10,2024-04-03 07:23:20,2024-04-03 20:25:13,0.82,"Rain, Overcast"
2024-04-04,19.1,10.9,14.6,19.1,10.9,14.6,10.7,78.7,19.334,100.0,45.83,rain,0.0,0.0,64.0,30.1,231.9,1010.7,95.0,16.6,44.5,3.8,3,10,2024-04-04 07:21:16,2024-04-04 20:26:43,0.85,"Rain, Overcast"
2024-04-05,18.1,13.2,15.6,18.1,13.2,15.6,11.7,78.2,0.378,100.0,16.67,rain,0.0,0.0,51.0,22.4,197.4,1011.1,91.5,21.7,45.4,3.9,2,10,2024-04-05 07:19:12,2024-04-05 20:28:12,0.88,"Rain, Overcast"
2024-04-06,24.0,13.2,17.9,24.0,13.2,17.9,8.9,58.3,0.022,100.0,4.17,rain,0.0,0.0,57.8,25.4,188.8,1009.6,90.1,22.0,71.3,6.3,3,10,2024-04-06 07:17:09,2024-04-06 20:29:42,0.92,"Rain, Overcast"
2024-04-07,18.5,13.1,16.2,18.5,13.1,16.2,10.4,68.8,0.6,100.0,12.5,rain,0.0,0.0,43.6,16.1,233.0,1014.5,93.5,21.3,37.0,3.1,2,10,2024-04-07 07:15:06,2024-04-07 20:31:12,0.95,"Rain, Overcast"
2024-04-08,22.7,11.1,15.7,22.7,11.1,15.7,11.5,78.5,2.986,100.0,20.83,rain,0.0,0.0,51.4,18.9,191.4,1007.5,80.6,15.9,74.4,6.4,4,10,2024-04-08 07:13:03,2024-04-08 20:32:41,0.0,"Rain, Partially cloudy"
2024-04-09,13.8,8.2,10.5,13.8,5.8,9.5,4.5,66.4,1.256,100.0,33.33,rain,0.0,0.0,71.4,25.5,251.1,1015.6,83.4,20.8,64.4,5.4,4,10,2024-04-09 07:11:01,2024-04-09 20:34:11,0.02,"Rain, Partially cloudy"
2024-04-10,16.9,6.0,11.1,16.9,4.3,10.3,3.9,63.8,0.021,100.0,8.33,rain,0.0,0.0,28.4,12.9,257.7,1029.7,39.9,19.9,77.3,6.9,5,10,2024-04-10 07:09:00,2024-04-10 20:35:40,0.05,"Rain, Partially cloudy"
2024-04-11,18.4,11.5,14.7,18.4,11.5,14.7,10.0,73.5,0.014,100.0,4.17,rain,0.0,0.0,25.8,11.5,215.5,1032.8,91.9,21.0,58.8,5.1,3,10,2024-04-11 07:06:59,2024-04-11 20:37:10,0.09,"Rain, Overcast"
2024-04-12,23.3,10.9,16.9,23.3,10.9,16.9,11.6,73.5,0.164,100.0,12.5,rain,0.0,0.0,25.6,9.6,206.0,1032.4,66.6,17.8,97.8,8.3,7,10,2024-04-12 07:04:59,2024-04-12 20:38:40,0.12,"Rain, Partially cloudy"
2024-04-13,26.0,12.5,19.3,26.0,12.5,19.3,12.2,66.5,0.0,0.0,0.0,dry,0.0,0.0,38.6,17.6,208.3,1026.3,70.1,20.0,99.7,8.7,7,10,2024-04-13 07:02:59,2024-04-13 20:40:09,0.15,Partially cloudy
2024-04-14,19.7,11.1,15.8,19.7,11.1,15.8,9.4,66.7,0.0,0.0,0.0,dry,0.0,0.0,38.0,18.8,332.5,1023.3,71.6,21.0,78.9,6.9,4,10,2024-04-14 07:01:00,2024-04-14 20:41:39,0.19,Partially cloudy
2024-04-15,14.4,8.1,11.0,14.4,5.6,10.3,5.2,67.7,2.502,100.0,12.5,rain,0.0,0.0,79.3,29.2,275.3,1015.6,83.3,19.8,46.3,4.1,2,10,2024-04-15 06:59:02,2024-04-15 20:43:08,0.25,"Rain, Partially cloudy"
2024-04-16,12.2,6.8,9.3,12.2,3.8,7.6,4.2,71.3,1.542,100.0,37.5,rain,0.0,0.0,55.5,24.0,298.9,1013.8,81.8,18.8,47.1,4.3,1,10,2024-04-16 06:57:05,2024-04-16 20:44:38,0.25,"Rain, Partially cloudy"
2024-04-17,11.2,6.2,8.4,11.2,4.1,6.6,3.0,69.9,1.295,100.0,25.0,rain,0.0,0.0,55.3,27.0,322.7,1015.6,72.4,21.2,106.0,9.1,6,10,2024-04-17 06:55:08,2024-04-17 20:46:07,0.28,"Rain, Partially cloudy"
2024-04-18,13.5,3.9,8.2,13.5,2.0,7.1,2.0,67.3,1.12,100.0,16.67,rain,0.0,0.0,38.9,15.5,358.2,1020.7,79.7,20.2,75.6,6.5,7,10,2024-04-18 06:53:12,2024-04-18 20:47:36,0.32,"Rain, Partially cloudy"
2024-04-19,11.7,8.6,9.8,11.7,6.1,8.8,5.8,76.4,3.161,100.0,16.67,rain,0.0,0.0,58.3,20.1,289.9,1019.5,96.8,19.4,34.1,2.8,1,10,2024-04-19 06:51:17,2024-04-19 20:49:06,0.35,"Rain, Overcast"
2024-04-20,10.1,5.1,7.7,10.1,2.1,5.2,2.0,67.5,0.021,100.0,8.33,rain,0.0,0.0,44.5,21.6,1.0,1024.9,68.4,20.3,67.2,5.8,3,10,2024-04-20 06:49:23,2024-04-20 20:50:35,0.38,"Rain, Partially cloudy"
2024-04-21,12.2,4.5,7.8,12.2,1.8,5.7,1.0,63.5,0.032,100.0,8.33,rain,0.0,0.0,54.7,29.4,9.1,1025.3,63.3,21.0,73.2,6.4,4,10,2024-04-21 06:47:30,2024-04-21 20:52:04,0.42,"Rain, Partially cloudy"
2024-04-22,10.8,3.7,7.4,10.8,0.6,5.3,0.9,65.1,0.295,100.0,12.5,rain,0.0,0.0,46.6,20.2,17.0,1025.0,64.0,19.8,86.7,7.6,7,10,2024-04-22 06:45:37,2024-04-22 20:53:33,0.45,"Rain, Partially cloudy"
2024-04-23,11.9,3.1,7.7,11.9,0.6,6.0,-1.2,56.5,0.007,100.0,4.17,rain,0.0,0.0,38.6,17.4,9.5,1021.2,57.0,20.3,94.3,8.0,7,10,2024-04-23 06:43:46,2024-04-23 20:55:02,0.48,"Rain, Partially cloudy"
2024-04-24,10.0,6.7,8.2,10.0,3.8,5.9,1.8,65.4,0.007,100.0,4.17,rain,0.0,0.0,48.4,21.1,333.2,1015.8,94.2,21.0,52.1,4.5,2,10,2024-04-24 06:41:56,2024-04-24 20:56:31,0.5,"Rain, Overcast"
2024-04-25,13.4,3.7,9.2,13.4,3.2,8.9,0.5,56.7,0.0,0.0,0.0,rain,0.0,0.0,30.7,12.2,234.5,1008.7,83.8,21.0,73.3,6.2,6,10,2024-04-25 06:40:07,2024-04-25 20:58:00,0.55,Partially cloudy
2024-04-26,16.0,5.4,11.5,16.0,3.9,11.1,4.6,64.3,0.027,100.0,4.17,rain,0.0,0.0,33.9,14.7,195.1,1003.7,85.0,20.0,64.2,5.7,2,10,2024-04-26 06:38:19,2024-04-26 20:59:29,0.59,"Rain, Partially cloudy"
2024-04-27,16.0,9.7,12.3,16.0,8.5,12.1,10.1,87.2,6.465,100.0,50.0,rain,0.0,0.0,46.2,18.0,151.8,1002.2,94.8,16.1,61.4,5.2,4,10,2024-04-27 06:36:32,2024-04-27 21:00:57,0.62,"Rain, Overcast"
2024-04-28,17.5,9.8,12.4,17.5,7.6,12.3,7.5,74.4,1.278,100.0,25.0,rain,0.0,0.0,51.3,22.4,215.9,1008.7,87.7,21.8,74.8,6.2,5,10,2024-04-28 06:34:46,2024-04-28 21:02:25,0.66,"Rain, Partially cloudy"
2024-04-29,18.5,7.1,13.4,18.5,6.3,13.2,7.6,70.3,0.0,0.0,0.0,dry,0.0,0.0,36.2,13.9,192.4,1018.2,71.2,21.3,63.2,5.3,4,10,2024-04-29 06:33:01,2024-04-29 21:03:53,0.69,Partially cloudy
2024-04-30,18.6,12.1,14.9,18.6,12.1,14.9,11.2,79.3,0.582,100.0,20.83,rain,0.0,0.0,45.7,21.0,159.0,1014.1,96.5,21.1,59.0,5.2,2,10,2024-04-30 06:31:18,2024-04-30 21:05:21,0.73,"Rain, Overcast"
2024-05-01,19.6,12.0,15.7,19.6,12.0,15.7,12.3,81.2,3.2,100.0,29.17,rain,0.0,0.0,38.2,20.5,298.9,1005.8,86.7,9.5,67.4,5.9,2,10,2024-05-01 06:29:36,2024-05-01 21:06:49,0.75,"Rain, Partially cloudy"
2024-05-02,13.7,10.7,11.6,13.7,10.7,11.6,9.6,87.5,13.477,100.0,37.5,rain,0.0,0.0,45.0,20.4,275.8,1004.6,99.0,18.3,34.2,2.9,1,10,2024-05-02 06:27:56,2024-05-02 21:08:16,0.8,"Rain, Overcast"
2024-05-03,16.9,9.0,12.6,16.9,7.3,12.4,7.1,70.3,0.02,100.0,8.33,rain,0.0,0.0,44.0,19.4,232.4,1013.3,75.2,22.0,101.4,8.8,5,10,2024-05-03 06:26:17,2024-05-03 21:09:43,0.83,"Rain, Partially cloudy"
2024-05-04,14.5,6.7,10.6,14.5,5.0,10.0,7.5,81.9,0.688,100.0,25.0,rain,0.0,0.0,24.2,11.8,174.0,1012.3,85.4,22.0,70.2,6.0,3,10,2024-05-04 06:24:39,2024-05-04 21:11:09,0.87,"Rain, Partially cloudy"
2024-05-05,17.5,10.0,13.3,17.5,10.0,13.3,10.9,85.7,1.15,100.0,25.0,rain,0.0,0.0,35.3,15.1,207.0,1009.7,97.0,18.2,52.9,4.6,2,10,2024-05-05 06:23:02,2024-05-05 21:12:36,0.9,"Rain, Overcast"
2024-05-06,18.6,11.1,14.2,18.6,11.1,14.2,9.4,74.8,2.003,100.0,8.33,rain,0.0,0.0,44.7,17.6,221.1,1008.4,89.6,20.4,100.4,8.6,5,10,2024-05-06 06:21:28,2024-05-06 21:14:01,0.94,"Rain, Partially cloudy"
2024-05-07,19.2,9.6,14.4,19.2,9.6,14.4,9.7,75.0,0.158,100.0,8.33,rain,0.0,0.0,43.5,21.5,8.6,1018.0,61.6,18.0,102.3,9.2,8,10,2024-05-07 06:19:54,2024-05-07 21:15:27,0.97,"Rain, Partially cloudy"
2024-05-08,14.4,9.3,12.2,14.4,7.4,12.0,8.0,75.8,0.0,0.0,0.0,dry,0.0,0.0,37.7,16.5,18.7,1027.4,74.0,14.4,52.0,4.5,2,10,2024-05-08 06:18:23,2024-05-08 21:16:51,0.0,Partially cloudy
2024-05-09,21.5,9.4,14.4,21.5,7.8,14.1,8.9,72.5,0.0,0.0,0.0,dry,0.0,0.0,31.7,12.7,40.4,1026.1,57.7,12.7,124.5,10.7,7,10,2024-05-09 06:16:53,2024-05-09 21:18:16,0.04,Partially cloudy
2024-05-10,24.6,12.2,18.6,24.6,12.2,18.6,9.4,57.6,0.0,0.0,0.0,dry,0.0,0.0,37.7,15.8,60.5,1021.6,58.7,17.9,120.3,10.4,8,10,2024-05-10 06:15:24,2024-05-10 21:19:39,0.07,Partially cloudy
2024-05-11,26.6,13.5,20.3,26.6,13.5,20.3,10.9,56.7,0.0,0.0,0.0,dry,0.0,0.0,33.2,13.7,74.6,1017.9,49.1,19.3,107.8,9.4,7,10,2024-05-11 06:13:58,2024-05-11 21:21:02,0.11,Partially cloudy
2024-05-12,26.2,15.0,19.6,26.2,15.0,19.6,12.9,66.6,0.531,100.0,16.67,rain,0.0,0.0,60.0,15.5,157.3,1013.6,79.3,19.7,54.6,4.7,3,30,2024-05-12 06:12:33,2024-05-12 21:22:25,0.14,"Rain, Partially cloudy"
2024-05-13,22.0,15.3,18.3,22.0,15.3,18.3,13.2,73.5,0.0,0.0,0.0,rain,0.0,0.0,45.1,16.6,190.3,1010.2,86.0,18.7,114.8,9.9,7,10,2024-05-13 06:11:10,2024-05-13 21:23:46,0.17,Partially cloudy
2024-05-14,17.9,13.8,15.4,17.9,13.8,15.4,13.3,88.0,10.26,100.0,58.33,rain,0.0,0.0,32.3,13.1,185.7,1004.0,97.2,16.8,45.4,3.8,2,10,2024-05-14 06:09:49,2024-05-14 21:25:07,0.2,"Rain, Overcast"
2024-05-15,20.8,12.5,16.0,20.8,12.5,16.0,10.9,73.8,1.106,100.0,20.83,rain,0.0,0.0,35.5,13.1,193.1,1005.7,83.6,21.2,115.8,10.0,8,10,2024-05-15 06:08:30,2024-05-15 21:26:28,0.25,"Rain, Partially cloudy"
2024-05-16,20.1,12.5,15.8,20.1,12.5,15.8,9.4,68.2,0.461,100.0,16.67,rain,0.0,0.0,34.4,14.7,243.0,1006.2,83.2,21.6,121.0,10.4,8,10,2024-05-16 06:07:12,2024-05-16 21:27:47,0.27,"Rain, Partially cloudy"
2024-05-17,20.0,10.4,15.5,20.0,10.4,15.5,9.4,68.4,0.048,100.0,8.33,rain,0.0,0.0,28.4,14.4,277.8,1009.9,90.4,22.4,106.6,9.3,6,10,2024-05-17 06:05:57,2024-05-17 21:29:05,0.3,"Rain, Overcast"
2024-05-18,20.7,12.5,16.2,20.7,12.5,16.2,11.1,72.6,1.486,100.0,12.5,rain,0.0,0.0,31.0,13.0,344.1,1012.2,89.1,21.6,35.0,3.1,1,10,2024-05-18 06:04:44,2024-05-18 21:30:23,0.33,"Rain, Partially cloudy"
2024-05-19,21.6,14.0,16.5,21.6,14.0,16.5,11.9,75.5,2.327,100.0,12.5,rain,0.0,0.0,28.1,10.6,349.7,1012.7,90.3,18.2,125.2,10.8,7,10,2024-05-19 06:03:32,2024-05-19 21:31:39,0.37,"Rain, Overcast"
2024-05-20,22.1,12.3,16.5,22.1,12.3,16.5,11.8,75.6,3.057,100.0,12.5,rain,0.0,0.0,43.9,14.9,34.4,1010.5,61.9,15.8,46.5,3.9,3,10,2024-05-20 06:02:23,2024-05-20 21:32:55,0.4,"Rain, Partially cloudy"
2024-05-21,20.2,13.2,16.0,20.2,13.2,16.0,13.0,83.3,9.615,100.0,29.17,rain,0.0,0.0,31.7,14.1,250.1,1007.9,91.6,13.6,77.8,6.7,6,10,2024-05-21 06:01:16,2024-05-21 21:34:09,0.43,"Rain, Overcast"
2024-05-22,20.1,13.4,16.0,20.1,13.4,16.0,10.9,73.1,1.523,100.0,29.17,rain,0.0,0.0,50.6,22.1,264.9,1011.7,83.9,17.6,78.7,6.8,5,10,2024-05-22 06:00:11,2024-05-22 21:35:22,0.46,"Rain, Partially cloudy"
2024-05-23,19.5,13.3,15.7,19.5,13.3,15.7,10.6,72.6,0.164,100.0,12.5,rain,0.0,0.0,36.5,18.7,240.7,1016.2,86.5,20.7,61.0,5.1,2,10,2024-05-23 05:59:09,2024-05-23 21:36:34,0.5,"Rain, Partially cloudy"
2024-05-24,19.9,13.0,16.0,19.9,13.0,16.0,10.7,72.0,0.0,0.0,0.0,rain,0.0,0.0,36.0,15.4,353.5,1018.3,89.6,20.2,110.0,9.4,8,10,2024-05-24 05:58:09,2024-05-24 21:37:44,0.53,Partially cloudy
2024-05-25,22.6,11.1,17.0,22.6,11.1,17.0,10.3,66.8,0.014,100.0,4.17,rain,0.0,0.0,30.1,11.8,115.5,1017.8,60.9,19.0,116.1,9.9,8,10,2024-05-25 05:57:11,2024-05-25 21:38:53,0.57,"Rain, Partially cloudy"
2024-05-26,22.4,15.6,18.4,22.4,15.6,18.4,11.2,64.1,0.027,100.0,4.17,rain,0.0,0.0,51.1,20.0,229.6,1014.8,87.3,20.7,61.5,5.4,3,10,2024-05-26 05:56:15,2024-05-26 21:40:01,0.6,"Rain, Partially cloudy"
2024-05-27,17.3,12.5,15.2,17.3,12.5,15.2,9.0,66.7,0.432,100.0,16.67,rain,0.0,0.0,45.3,17.3,278.6,1018.7,88.6,21.9,78.9,6.8,3,10,2024-05-27 05:55:22,2024-05-27 21:41:07,0.64,"Rain, Partially cloudy"
2024-05-28,16.9,10.0,13.7,16.9,10.0,13.7,11.5,86.8,2.099,100.0,33.33,rain,0.0,0.7,37.1,15.7,213.2,1019.2,83.4,17.9,58.4,5.1,2,10,2024-05-28 05:54:31,2024-05-28 21:42:12,0.67,"Rain, Partially cloudy"
2024-05-29,16.3,14.0,15.4,16.3,14.0,15.4,13.9,91.2,15.938,100.0,62.5,rain,0.0,3.3,34.2,15.9,226.1,1013.2,99.2,13.3,50.5,4.1,2,10,2024-05-29 05:53:42,2024-05-29 21:43:15,0.71,"Rain, Overcast"
2024-05-30,16.1,12.9,14.2,16.1,12.9,14.2,11.2,82.5,6.316,100.0,29.17,rain,0.0,1.3,54.7,21.4,307.3,1010.4,95.6,17.7,70.4,6.1,2,10,2024-05-30 05:52:56,2024-05-30 21:44:17,0.75,"Rain, Overcast"
2024-05-31,15.9,12.6,13.6,15.9,12.6,13.6,11.1,85.3,1.609,100.0,33.33,rain,0.0,1.3,40.4,18.7,324.2,1015.1,95.6,18.5,65.8,5.6,3,10,2024-05-31 05:52:13,2024-05-31 21:45:17,0.78,"Rain, Overcast"
2024-06-01,14.2,12.9,13.3,14.2,12.9,13.3,11.6,89.8,4.08,100.0,37.5,rain,0.0,2.0,46.8,21.5,0.4,1020.6,99.8,12.1,23.5,2.0,1,10,2024-06-01 05:51:32,2024-06-01 21:46:15,0.82,"Rain, Overcast"
2024-06-02,17.3,12.2,14.2,17.3,12.2,14.2,10.5,78.9,0.014,100.0,4.17,rain,0.0,0.0,46.3,21.4,13.5,1023.8,92.4,15.3,73.6,6.3,2,10,2024-06-02 05:50:54,2024-06-02 21:47:11,0.85,"Rain, Overcast"
2024-06-03,21.7,9.6,15.9,21.7,8.3,15.8,10.0,69.6,0.0,0.0,0.0,rain,0.0,0.0,27.7,12.8,8.3,1021.5,62.2,16.5,95.0,8.0,7,10,2024-06-03 05:50:18,2024-06-03 21:48:05,0.89,Partially cloudy
2024-06-04,23.9,14.0,19.2,23.9,14.0,19.2,12.6,67.2,0.0,0.0,0.0,rain,0.0,0.0,41.5,19.2,259.8,1014.7,89.6,19.1,71.5,6.2,4,10,2024-06-04 05:49:45,2024-06-04 21:48:58,0.92,Partially cloudy
2024-06-05,21.2,15.1,17.8,21.2,15.1,17.8,10.8,64.0,0.0,0.0,0.0,rain,0.0,0.0,38.4,15.6,290.8,1014.5,79.2,21.6,102.3,9.0,5,10,2024-06-05 05:49:14,2024-06-05 21:49:48,0.96,Partially cloudy
2024-06-06,21.3,10.5,16.1,21.3,10.5,16.1,8.0,60.1,0.0,0.0,0.0,dry,0.0,0.0,34.1,16.3,345.2,1017.9,62.9,18.9,116.3,10.2,8,10,2024-06-06 05:48:46,2024-06-06 21:50:36,0.0,Partially cloudy
2024-06-07,22.2,10.5,16.6,22.2,10.5,16.6,6.7,53.6,0.0,0.0,0.0,dry,0.0,0.0,30.3,11.6,326.5,1019.9,18.9,18.7,122.1,10.4,8,10,2024-06-07 05:48:21,2024-06-07 21:51:23,0.03,Clear
2024-06-08,21.6,11.2,17.0,21.6,11.2,17.0,8.8,59.6,0.0,0.0,0.0,dry,0.0,0.0,36.7,18.7,354.1,1014.7,39.7,20.3,110.4,9.7,7,10,2024-06-08 05:47:58,2024-06-08 21:52:07,0.06,Partially cloudy
2024-06-09,21.5,11.8,16.4,21.5,11.8,16.4,8.0,60.4,0.0,0.0,0.0,dry,0.0,0.0,38.6,16.6,2.7,1012.6,30.5,21.5,117.0,10.1,7,10,2024-06-09 05:47:39,2024-06-09 21:52:48,0.09,Partially cloudy
2024-06-10,17.0,11.2,14.4,17.0,11.2,14.4,7.7,64.9,1.213,100.0,8.33,rain,0.0,0.0,53.1,24.7,302.5,1012.3,56.3,25.9,86.9,7.5,4,10,2024-06-10 05:47:22,2024-06-10 21:53:28,0.13,"Rain, Partially cloudy"
2024-06-11,17.0,9.2,13.6,17.0,8.9,13.5,6.5,63.5,0.0,0.0,0.0,rain,0.0,0.0,37.3,16.2,348.5,1017.9,55.1,39.1,71.9,6.0,4,10,2024-06-11 05:47:07,2024-06-11 21:54:05,0.16,Partially cloudy
2024-06-12,17.9,9.3,14.0,17.9,8.8,13.9,6.7,62.8,0.02,100.0,8.33,rain,0.0,0.0,34.0,9.7,0.5,1020.9,56.0,27.8,91.0,7.8,7,10,2024-06-12 05:46:55,2024-06-12 21:54:40,0.19,"Rain, Partially cloudy"
2024-06-13,20.7,10.9,16.3,20.7,10.9,16.3,7.2,56.3,0.0,0.0,0.0,dry,0.0,0.0,42.7,17.8,227.2,1017.1,81.2,22.6,87.6,7.6,5,10,2024-06-13 05:46:46,2024-06-13 21:55:12,0.22,Partially cloudy
2024-06-14,22.4,13.1,16.8,22.4,13.1,16.8,11.4,72.2,1.393,100.0,25.0,rain,0.0,0.0,54.3,23.9,221.8,1007.6,93.1,20.3,107.0,8.9,7,10,2024-06-14 05:46:40,2024-06-14 21:55:42,0.25,"Rain, Overcast"
2024-06-15,17.1,11.6,14.9,17.1,11.6,14.9,9.1,69.1,0.367,100.0,16.67,rain,0.0,0.0,58.7,24.7,233.1,1007.7,82.0,23.8,57.5,4.9,3,10,2024-06-15 05:46:37,2024-06-15 21:56:10,0.29,"Rain, Partially cloudy"
2024-06-16,18.5,13.0,15.4,18.5,13.0,15.4,12.2,81.8,5.451,100.0,29.17,rain,0.0,0.0,46.9,22.3,219.7,1007.9,94.9,20.8,65.0,5.7,2,10,2024-06-16 05:46:36,2024-06-16 21:56:35,0.32,"Rain, Overcast"
2024-06-17,23.9,14.6,18.8,23.9,14.6,18.8,14.4,77.1,0.5,100.0,12.5,rain,0.0,0.0,37.5,16.0,206.5,1011.6,92.8,23.4,120.7,10.3,8,10,2024-06-17 05:46:38,2024-06-17 21:56:57,0.35,"Rain, Overcast"
2024-06-18,24.2,16.2,19.4,24.2,16.2,19.4,16.6,84.5,6.992,100.0,16.67,rain,0.0,0.0,36.0,17.5,243.9,1011.9,93.6,22.1,65.8,5.6,4,10,2024-06-18 05:46:42,2024-06-18 21:57:17,0.38,"Rain, Overcast"
2024-06-19,21.4,16.2,18.4,21.4,16.2,18.4,14.4,78.2,0.062,100.0,4.17,rain,0.0,0.0,49.4,19.9,46.5,1016.1,96.6,21.0,76.1,6.3,5,10,2024-06-19 05:46:49,2024-06-19 21:57:34,0.42,"Rain, Overcast"
2024-06-20,22.7,16.3,19.1,22.7,16.3,19.1,14.6,75.7,0.18,100.0,4.17,rain,0.0,0.0,33.4,15.6,36.4,1016.6,95.2,20.7,59.3,5.1,2,10,2024-06-20 05:46:59,2024-06-20 21:57:48,0.45,"Rain, Overcast"
2024-06-21,23.6,16.9,19.4,23.6,16.9,19.4,14.7,75.7,2.767,100.0,16.67,rain,0.0,0.0,29.2,13.4,300.2,1014.7,88.3,15.6,101.5,8.6,7,10,2024-06-21 05:47:12,2024-06-21 21:58:00,0.48,"Rain, Partially cloudy"
2024-06-22,21.0,13.5,17.5,21.0,13.5,17.5,12.3,73.0,2.107,100.0,37.5,rain,0.0,0.0,42.1,19.6,279.1,1015.6,84.9,20.1,98.2,8.6,7,10,2024-06-22 05:47:27,2024-06-22 21:58:09,0.5,"Rain, Partially cloudy"
2024-06-23,24.2,13.2,18.8,24.2,13.2,18.8,10.5,60.3,0.0,0.0,0.0,dry,0.0,0.0,24.7,9.9,351.6,1020.2,43.2,23.1,128.5,11.0,8,10,2024-06-23 05:47:45,2024-06-23 21:58:16,0.55,Partially cloudy
2024-06-24,27.9,15.2,22.2,27.6,15.2,22.2,13.5,60.2,0.0,0.0,0.0,dry,0.0,0.0,31.4,14.4,43.4,1018.5,26.4,24.4,102.0,8.7,6,10,2024-06-24 05:48:05,2024-06-24 21:58:19,0.59,Partially cloudy
2024-06-25,29.8,18.0,24.4,29.4,18.0,24.3,14.7,56.7,0.007,100.0,4.17,rain,0.0,0.0,32.7,12.0,38.4,1013.3,28.7,22.6,159.9,13.8,7,10,2024-06-25 05:48:28,2024-06-25 21:58:20,0.62,"Rain, Partially cloudy"
2024-06-26,29.9,19.5,25.3,29.9,19.5,25.4,16.2,58.4,0.021,100.0,4.17,rain,0.0,0.0,29.7,13.7,353.6,1010.5,42.3,20.7,105.6,9.1,8,10,2024-06-26 05:48:53,2024-06-26 21:58:18,0.66,"Rain, Partially cloudy"
2024-06-27,30.6,19.8,25.1,31.7,19.8,25.5,16.7,60.7,0.0,0.0,0.0,rain,0.0,0.0,43.9,19.8,287.1,1010.6,74.7,20.3,130.3,11.2,7,30,2024-06-27 05:49:20,2024-06-27 21:58:14,0.69,Partially cloudy
2024-06-28,24.3,15.1,19.5,24.3,15.1,19.5,10.6,58.3,0.0,0.0,0.0,dry,0.0,0.0,37.9,17.0,327.5,1017.5,66.0,22.1,143.3,12.4,8,10,2024-06-28 05:49:51,2024-06-28 21:58:07,0.75,Partially cloudy
2024-06-29,23.2,14.8,19.0,23.2,14.8,19.0,11.5,62.1,0.095,100.0,8.33,rain,0.0,0.0,48.3,24.2,25.8,1013.0,92.1,23.9,73.1,6.2,4,10,2024-06-29 05:50:23,2024-06-29 21:57:56,0.76,"Rain, Overcast"
2024-06-30,23.3,15.0,19.4,23.3,15.0,19.4,13.3,69.2,0.833,100.0,29.17,rain,0.0,0.0,33.8,16.7,296.8,1012.4,93.8,20.9,76.0,6.5,4,10,2024-06-30 05:50:58,2024-06-30 21:57:44,0.8,"Rain, Overcast"
2024-07-01,20.2,15.2,18.1,20.2,15.2,18.1,11.6,66.4,0.158,100.0,12.5,rain,0.0,0.0,39.3,16.4,323.2,1017.9,88.1,23.5,87.8,7.6,3,10,2024-07-01 05:51:35,2024-07-01 21:57:28,0.84,"Rain, Partially cloudy"
2024-07-02,21.1,15.0,17.4,21.1,15.0,17.4,11.7,69.9,4.496,100.0,20.83,rain,0.0,0.0,45.6,17.8,304.5,1018.2,96.8,23.5,90.2,7.9,5,10,2024-07-02 05:52:14,2024-07-02 21:57:10,0.87,"Rain, Overcast"
2024-07-03,20.6,13.6,16.9,20.6,13.6,16.9,10.6,67.9,0.007,100.0,4.17,rain,0.0,0.0,39.5,19.5,270.6,1013.3,96.7,21.9,76.4,6.8,3,10,2024-07-03 05:52:56,2024-07-03 21:56:48,0.91,"Rain, Overcast"
2024-07-04,21.6,14.7,18.3,21.6,14.7,18.3,11.0,64.9,0.798,100.0,16.67,rain,0.0,1.4,44.9,19.6,279.8,1012.3,71.4,21.6,97.5,8.2,6,10,2024-07-04 05:53:39,2024-07-04 21:56:25,0.94,"Rain, Partially cloudy"
2024-07-05,26.5,13.3,19.8,26.5,13.3,19.8,10.4,55.9,0.0,0.0,0.0,dry,0.0,2.8,41.7,20.9,222.4,1012.2,75.3,23.2,88.5,7.8,3,10,2024-07-05 05:54:25,2024-07-05 21:55:58,0.98,Partially cloudy
2024-07-06,21.2,14.9,18.1,21.2,14.9,18.1,9.1,58.1,0.847,100.0,8.33,rain,0.0,0.0,50.9,22.8,262.3,1007.6,80.3,23.2,88.6,7.7,4,10,2024-07-06 05:55:12,2024-07-06 21:55:29,0.0,"Rain, Partially cloudy"
2024-07-07,21.2,10.9,16.8,21.2,10.9,16.8,7.2,54.2,0.014,100.0,4.17,rain,0.0,0.0,38.1,18.6,243.2,1014.6,72.7,25.1,109.8,9.6,5,10,2024-07-07 05:56:02,2024-07-07 21:54:57,0.05,"Rain, Partially cloudy"
2024-07-08,25.5,12.9,19.5,25.5,12.9,19.5,10.5,58.0,0.0,0.0,0.0,rain,0.0,0.0,25.9,10.1,161.3,1015.8,82.4,25.0,80.3,7.0,3,10,2024-07-08 05:56:54,2024-07-08 21:54:22,0.08,Partially cloudy
2024-07-09,24.9,17.4,21.3,24.9,17.4,21.3,14.4,65.3,2.89,100.0,8.33,rain,0.0,0.0,45.8,19.0,339.1,1012.6,77.3,25.4,71.1,6.1,3,10,2024-07-09 05:57:47,2024-07-09 21:53:45,0.11,"Rain, Partially cloudy"
2024-07-10,25.8,19.0,21.8,25.8,19.0,21.8,14.4,64.3,0.006,100.0,4.17,rain,0.0,0.0,37.6,17.8,250.4,1016.1,83.0,25.1,86.1,7.5,5,10,2024-07-10 05:58:42,2024-07-10 21:53:05,0.14,"Rain, Partially cloudy"
2024-07-11,24.1,16.6,20.9,24.1,16.6,20.9,12.9,60.8,0.014,100.0,4.17,rain,0.0,0.0,31.0,13.5,12.1,1017.4,78.0,25.5,61.6,5.3,3,10,2024-07-11 05:59:39,2024-07-11 21:52:23,0.18,"Rain, Partially cloudy"
2024-07-12,20.6,14.3,16.6,20.6,14.3,16.6,13.2,80.9,16.112,100.0,41.67,rain,0.0,0.0,37.7,17.5,350.7,1014.2,96.3,16.9,73.2,6.3,2,10,2024-07-12 06:00:38,2024-07-12 21:51:38,0.21,"Rain, Overcast"
2024-07-13,22.3,13.2,17.1,22.3,13.2,17.1,11.7,72.5,0.065,100.0,20.83,rain,0.0,0.0,27.3,15.5,331.0,1014.7,82.7,18.9,109.9,9.6,7,10,2024-07-13 06:01:38,2024-07-13 21:50:50,0.24,"Rain, Partially cloudy"
2024-07-14,22.8,12.0,18.4,22.8,12.0,18.4,11.6,67.1,0.362,100.0,8.33,rain,0.0,0.0,23.7,9.2,201.4,1013.5,53.7,18.3,61.7,5.4,2,10,2024-07-14 06:02:40,2024-07-14 21:50:00,0.25,"Rain, Partially cloudy"
2024-07-15,26.6,14.1,20.9,26.6,14.1,20.9,13.7,64.8,0.023,100.0,4.17,rain,0.0,0.0,49.2,22.0,203.3,1009.7,56.2,22.1,74.2,6.4,3,10,2024-07-15 06:03:43,2024-07-15 21:49:08,0.31,"Rain, Partially cloudy"
2024-07-16,22.7,15.5,19.2,22.7,15.5,19.2,12.6,67.0,0.069,100.0,8.33,rain,0.0,0.0,51.4,26.7,239.1,1014.2,78.2,28.0,76.8,6.5,6,10,2024-07-16 06:04:48,2024-07-16 21:48:13,0.34,"Rain, Partially cloudy"
2024-07-17,25.8,14.6,20.7,25.8,14.6,20.7,12.0,59.9,0.0,0.0,0.0,dry,0.0,0.0,23.0,8.2,322.3,1020.7,54.3,24.5,85.1,7.4,5,10,2024-07-17 06:05:54,2024-07-17 21:47:16,0.37,Partially cloudy
2024-07-18,29.5,16.6,23.7,29.1,16.6,23.5,13.5,55.4,0.0,0.0,0.0,dry,0.0,0.0,28.8,8.8,96.8,1020.1,69.9,24.0,95.4,8.3,7,10,2024-07-18 06:07:01,2024-07-18 21:46:16,0.4,Partially cloudy
2024-07-19,33.7,19.6,26.8,33.8,19.6,26.8,15.3,51.6,0.0,0.0,0.0,dry,0.0,0.0,28.2,12.9,161.7,1016.5,70.8,22.6,117.0,10.0,7,30,2024-07-19 06:08:10,2024-07-19 21:45:14,0.43,Partially cloudy
2024-07-20,30.8,18.6,26.0,30.7,18.6,26.1,15.6,53.9,0.0,0.0,0.0,dry,0.0,0.0,31.3,13.4,270.3,1009.4,56.7,21.1,83.3,7.4,6,10,2024-07-20 06:09:19,2024-07-20 21:44:10,0.47,Partially cloudy
2024-07-21,25.5,19.6,22.2,25.5,19.6,22.2,17.2,74.5,2.017,100.0,29.17,rain,0.0,0.0,40.9,17.6,324.6,1010.2,90.0,20.7,93.8,8.0,5,10,2024-07-21 06:10:30,2024-07-21 21:43:04,0.5,"Rain, Partially cloudy"
2024-07-22,25.4,15.1,20.1,25.4,15.1,20.1,13.5,66.6,0.0,0.0,0.0,rain,0.0,0.0,34.6,15.8,263.2,1019.3,75.2,24.1,106.2,9.1,6,10,2024-07-22 06:11:42,2024-07-22 21:41:55,0.54,Partially cloudy
2024-07-23,23.2,17.6,20.2,23.2,17.6,20.2,15.4,75.1,0.336,100.0,20.83,rain,0.0,0.0,44.9,18.1,278.2,1020.2,90.9,18.7,114.2,9.8,7,10,2024-07-23 06:12:55,2024-07-23 21:40:44,0.57,"Rain, Overcast"
2024-07-24,25.3,15.5,20.2,25.3,15.5,20.2,13.1,65.4,0.0,0.0,0.0,rain,0.0,0.0,22.4,9.9,30.2,1021.6,83.0,21.9,100.3,8.9,6,10,2024-07-24 06:14:09,2024-07-24 21:39:32,0.61,Partially cloudy
2024-07-25,28.3,18.2,23.0,28.0,18.2,23.0,14.0,58.4,0.04,100.0,8.33,rain,0.0,0.0,37.4,15.6,231.9,1014.9,93.9,23.9,87.3,7.6,4,10,2024-07-25 06:15:24,2024-07-25 21:38:17,0.64,"Rain, Overcast"
2024-07-26,22.2,18.6,20.5,22.2,18.6,20.5,17.8,84.7,8.862,100.0,58.33,rain,0.0,0.0,23.3,9.2,327.3,1012.7,98.7,16.3,55.2,4.6,3,10,2024-07-26 06:16:40,2024-07-26 21:37:00,0.68,"Rain, Overcast"
2024-07-27,19.8,16.5,17.9,19.8,16.5,17.9,16.7,92.8,11.313,100.0,66.67,rain,0.0,0.0,23.7,11.1,344.4,1015.3,97.7,9.6,37.8,3.1,1,10,2024-07-27 06:17:57,2024-07-27 21:35:41,0.71,"Rain, Overcast"
2024-07-28,25.0,12.7,19.3,25.0,12.7,19.3,13.0,69.0,0.151,100.0,8.33,rain,0.0,0.0,32.2,15.2,69.4,1024.0,47.2,21.2,102.8,8.9,7,10,2024-07-28 06:19:14,2024-07-28 21:34:20,0.75,"Rain, Partially cloudy"
2024-07-29,31.0,16.5,23.7,30.5,16.5,23.7,14.5,58.6,0.0,0.0,0.0,dry,0.0,0.0,29.4,12.1,97.7,1019.9,20.1,23.3,110.2,9.7,7,10,2024-07-29 06:20:32,2024-07-29 21:32:57,0.78,Partially cloudy
2024-07-30,35.6,20.9,28.1,39.0,20.9,29.6,18.8,58.4,0.0,0.0,0.0,dry,0.0,0.0,21.9,9.3,97.8,1014.7,31.2,21.1,103.6,9.0,7,75,2024-07-30 06:21:51,2024-07-30 21:31:33,0.82,Partially cloudy
2024-07-31,31.6,21.2,26.2,34.5,21.2,27.4,20.3,71.1,3.169,100.0,25.0,rain,0.0,0.0,39.6,18.0,68.0,1012.7,89.2,19.0,70.6,6.2,7,60,2024-07-31 06:23:10,2024-07-31 21:30:06,0.86,"Rain, Partially cloudy"
2024-08-01,29.8,20.4,25.5,33.2,20.4,26.3,20.3,74.0,6.019,100.0,12.5,rain,0.0,0.0,61.2,15.9,300.2,1011.6,75.9,18.7,62.5,5.4,3,60,2024-08-01 06:24:30,2024-08-01 21:28:38,0.89,"Rain, Partially cloudy"
2024-08-02,27.4,19.9,23.0,27.9,19.9,23.1,17.7,74.7,8.964,100.0,16.67,rain,0.0,0.0,36.6,14.9,308.9,1012.9,53.0,14.6,85.2,7.3,5,30,2024-08-02 06:25:51,2024-08-02 21:27:08,0.93,"Rain, Partially cloudy"
2024-08-03,24.3,16.4,20.3,24.3,16.4,20.3,14.6,70.5,0.57,100.0,12.5,rain,0.0,0.0,30.3,15.4,276.5,1015.2,76.2,22.8,63.8,5.5,3,10,2024-08-03 06:27:12,2024-08-03 21:25:37,0.96,"Rain, Partially cloudy"
2024-08-04,24.4,17.1,20.8,24.4,17.1,20.8,13.2,63.8,0.0,0.0,0.0,dry,0.0,0.0,32.7,13.9,280.1,1016.2,91.6,21.9,89.8,7.7,5,10,2024-08-04 06:28:33,2024-08-04 21:24:04,0.0,Overcast
2024-08-05,29.4,15.6,22.7,28.8,15.6,22.6,13.5,58.7,0.0,0.0,0.0,dry,0.0,0.0,29.2,10.8,189.8,1014.5,22.3,21.0,80.5,6.9,6,10,2024-08-05 06:29:55,2024-08-05 21:22:29,0.03,Partially cloudy
2024-08-06,29.0,16.7,23.3,28.8,16.7,23.3,14.1,57.4,0.0,0.0,0.0,dry,0.0,0.0,37.9,18.3,250.8,1011.6,53.7,23.1,83.3,7.2,6,10,2024-08-06 06:31:17,2024-08-06 21:20:53,0.06,Partially cloudy
2024-08-07,23.7,16.0,20.4,23.7,16.0,20.4,12.4,62.4,0.171,100.0,4.17,rain,0.0,0.0,32.0,14.7,319.1,1014.6,85.6,23.9,87.8,7.6,6,10,2024-08-07 06:32:40,2024-08-07 21:19:15,0.1,"Rain, Partially cloudy"
2024-08-08,27.2,17.1,22.2,27.0,17.1,22.2,12.3,54.4,0.0,0.0,0.0,dry,0.0,0.0,32.2,13.8,247.6,1017.5,70.1,23.7,79.2,6.8,6,10,2024-08-08 06:34:03,2024-08-08 21:17:36,0.13,Partially cloudy
2024-08-09,26.3,18.8,22.4,26.3,18.8,22.4,16.1,67.8,0.288,100.0,4.17,rain,0.0,0.0,38.0,15.7,256.8,1018.2,80.3,23.4,59.7,5.0,3,10,2024-08-09 06:35:26,2024-08-09 21:15:55,0.16,"Rain, Partially cloudy"
2024-08-10,29.2,15.9,22.9,29.0,15.9,22.9,14.7,61.6,0.0,0.0,0.0,dry,0.0,0.0,22.4,10.3,323.8,1021.5,41.0,22.7,80.6,7.0,6,10,2024-08-10 06:36:49,2024-08-10 21:14:13,0.19,Partially cloudy
2024-08-11,31.8,18.2,25.6,32.1,18.2,25.6,14.7,52.3,0.0,0.0,0.0,dry,0.0,0.0,32.7,16.0,79.2,1018.4,38.0,21.4,79.3,6.7,6,10,2024-08-11 06:38:13,2024-08-11 21:12:29,0.23,Partially cloudy
2024-08-12,36.2,20.7,28.3,36.6,20.7,28.5,17.2,54.6,0.0,0.0,0.0,dry,0.0,0.0,41.8,19.0,176.2,1010.3,14.7,10.0,79.7,6.9,6,30,2024-08-12 06:39:37,2024-08-12 21:10:45,0.25,Clear
2024-08-13,26.3,20.6,23.6,26.3,20.6,23.6,18.1,71.5,0.0,0.0,0.0,dry,0.0,0.0,34.6,17.9,312.5,1010.5,91.8,21.7,60.5,5.2,3,10,2024-08-13 06:41:01,2024-08-13 21:08:59,0.29,Overcast
2024-08-14,27.2,20.1,23.5,27.7,20.1,23.6,17.1,67.9,0.02,100.0,4.17,rain,0.0,0.0,33.5,14.8,318.2,1013.2,93.1,22.6,82.8,7.1,5,10,2024-08-14 06:42:25,2024-08-14 21:07:11,0.33,"Rain, Overcast"
2024-08-15,27.1,19.2,23.0,26.9,19.2,22.9,14.9,62.4,0.0,0.0,0.0,dry,0.0,0.0,36.6,13.9,282.4,1018.0,63.8,23.4,84.6,7.3,6,10,2024-08-15 06:43:50,2024-08-15 21:05:23,0.36,Partially cloudy
2024-08-16,26.0,17.9,22.1,26.0,17.9,22.1,15.5,66.3,0.0,0.0,0.0,rain,0.0,0.0,33.8,16.6,239.4,1017.2,73.3,26.2,53.4,4.6,2,10,2024-08-16 06:45:14,2024-08-16 21:03:33,0.39,Partially cloudy
2024-08-17,23.2,18.2,20.5,23.2,18.2,20.5,18.3,87.7,23.256,100.0,62.5,rain,0.0,0.0,27.9,11.7,276.2,1013.8,99.5,13.5,26.0,2.2,1,10,2024-08-17 06:46:39,2024-08-17 21:01:43,0.42,"Rain, Overcast"
2024-08-18,20.7,14.7,17.6,20.7,14.7,17.6,12.9,75.1,0.443,100.0,25.0,rain,0.0,0.0,38.5,18.7,325.3,1015.1,96.0,21.0,61.3,5.5,2,10,2024-08-18 06:48:04,2024-08-18 20:59:51,0.46,"Rain, Overcast"
2024-08-19,23.1,12.8,18.1,23.1,12.8,18.1,12.2,69.6,0.144,100.0,4.17,rain,0.0,0.0,21.8,9.0,232.7,1018.6,67.0,20.7,88.0,7.7,5,10,2024-08-19 06:49:28,2024-08-19 20:57:58,0.5,"Rain, Partially cloudy"
2024-08-20,24.2,13.9,18.2,24.2,13.9,18.2,14.7,80.8,5.866,100.0,25.0,rain,0.0,0.0,42.9,19.3,236.9,1013.9,62.3,15.2,54.9,4.9,3,10,2024-08-20 06:50:53,2024-08-20 20:56:05,0.52,"Rain, Partially cloudy"
2024-08-21,21.9,11.9,16.8,21.9,11.9,16.8,10.4,68.0,0.021,100.0,8.33,rain,0.0,0.0,29.0,13.3,265.8,1020.2,62.5,23.2,83.8,7.2,6,10,2024-08-21 06:52:18,2024-08-21 20:54:10,0.56,"Rain, Partially cloudy"
2024-08-22,25.8,12.1,18.9,25.8,12.1,18.9,10.5,61.6,0.014,100.0,4.17,rain,0.0,0.0,38.3,18.2,216.4,1014.3,56.1,23.9,80.1,7.2,6,10,2024-08-22 06:53:43,2024-08-22 20:52:14,0.59,"Rain, Partially cloudy"
2024-08-23,25.6,16.5,21.1,25.6,16.5,21.1,15.9,72.7,0.0,0.0,0.0,rain,0.0,0.0,55.4,20.6,226.9,1010.8,81.0,23.7,56.7,5.0,2,10,2024-08-23 06:55:08,2024-08-23 20:50:18,0.63,Partially cloudy
2024-08-24,29.4,16.3,22.2,30.1,16.3,22.3,16.8,73.2,1.512,100.0,8.33,rain,0.0,0.0,64.1,22.7,226.1,1009.0,69.5,22.3,52.7,4.6,6,10,2024-08-24 06:56:33,2024-08-24 20:48:21,0.66,"Rain, Partially cloudy"
2024-08-25,21.6,11.6,17.0,21.6,11.6,17.0,9.2,62.3,0.0,0.0,0.0,dry,0.0,0.0,33.7,12.7,263.0,1022.1,41.5,24.8,55.4,4.8,5,10,2024-08-25 06:57:58,2024-08-25 20:46:22,0.7,Partially cloudy
2024-08-26,23.9,12.1,18.3,23.9,12.1,18.3,9.9,60.8,0.0,0.0,0.0,dry,0.0,0.0,29.3,11.8,259.0,1022.8,31.6,24.4,77.9,6.7,6,10,2024-08-26 06:59:23,2024-08-26 20:44:23,0.75,Partially cloudy
2024-08-27,27.5,14.5,20.7,27.2,14.5,20.7,11.4,57.6,0.0,0.0,0.0,dry,0.0,0.0,26.4,11.4,108.2,1019.5,45.7,23.4,76.9,6.6,6,10,2024-08-27 07:00:48,2024-08-27 20:42:24,0.77,Partially cloudy
2024-08-28,32.0,16.0,23.6,31.2,16.0,23.5,14.3,59.5,0.0,0.0,0.0,dry,0.0,0.0,43.4,14.5,180.6,1014.2,34.2,22.3,78.0,6.7,6,10,2024-08-28 07:02:13,2024-08-28 20:40:23,0.8,Partially cloudy
2024-08-29,25.1,17.8,21.9,25.1,17.8,21.9,14.9,64.9,0.0,0.0,0.0,dry,0.0,0.0,33.2,16.5,336.2,1017.7,76.2,22.2,61.3,5.4,4,10,2024-08-29 07:03:38,2024-08-29 20:38:22,0.84,Partially cloudy
2024-08-30,19.3,16.7,17.8,19.3,16.7,17.8,14.1,79.9,9.162,100.0,50.0,rain,0.0,0.0,32.4,15.9,15.1,1019.9,96.4,16.7,29.8,2.7,2,10,2024-08-30 07:05:03,2024-08-30 20:36:21,0.87,"Rain, Overcast"
2024-08-31,24.4,15.4,19.5,24.4,15.4,19.5,16.7,84.3,0.29,100.0,8.33,rain,0.0,0.0,34.7,14.9,26.2,1018.4,89.0,11.4,57.4,5.1,2,30,2024-08-31 07:06:28,2024-08-31 20:34:18,0.91,"Rain, Partially cloudy"
2024-09-01,28.3,18.9,23.0,29.4,18.9,23.3,18.3,76.1,0.179,100.0,12.5,rain,0.0,0.0,39.1,16.5,197.9,1013.1,67.1,18.2,49.0,4.2,3,10,2024-09-01 07:07:53,2024-09-01 20:32:16,0.94,"Rain, Partially cloudy"
2024-09-02,25.6,17.8,21.2,25.6,17.8,21.2,16.4,75.0,0.014,100.0,4.17,rain,0.0,0.0,38.7,13.9,222.7,1013.5,68.4,21.5,53.8,4.5,4,10,2024-09-02 07:09:18,2024-09-02 20:30:12,0.98,"Rain, Partially cloudy"
2024-09-03,21.4,18.0,19.8,21.4,18.0,19.8,15.8,78.1,0.336,100.0,12.5,rain,0.0,0.0,33.1,13.6,239.5,1015.1,97.0,21.5,48.2,3.9,2,10,2024-09-03 07:10:42,2024-09-03 20:28:08,0.0,"Rain, Overcast"
2024-09-04,22.1,16.8,19.2,22.1,16.8,19.2,13.2,69.5,0.0,0.0,0.0,rain,0.0,0.7,26.1,13.3,330.7,1016.4,89.6,22.8,48.5,4.2,3,10,2024-09-04 07:12:07,2024-09-04 20:26:04,0.04,Partially cloudy
2024-09-05,18.3,14.4,16.3,18.3,14.4,16.3,13.4,83.6,25.008,100.0,45.83,rain,0.0,0.0,38.8,18.7,309.0,1010.7,96.6,18.4,33.1,2.9,1,10,2024-09-05 07:13:32,2024-09-05 20:23:59,0.08,"Rain, Overcast"
2024-09-06,23.1,12.6,17.5,23.1,12.6,17.5,13.3,78.4,0.172,100.0,12.5,rain,0.0,0.0,29.2,12.7,124.9,1011.0,61.5,20.3,47.6,4.2,2,10,2024-09-06 07:14:57,2024-09-06 20:21:54,0.11,"Rain, Partially cloudy"
2024-09-07,21.7,16.6,18.6,21.7,16.6,18.6,16.0,84.7,0.692,100.0,25.0,rain,0.0,0.0,31.6,14.9,159.6,1009.5,94.0,18.9,40.6,3.5,2,10,2024-09-07 07:16:22,2024-09-07 20:19:48,0.14,"Rain, Overcast"
2024-09-08,21.3,13.3,16.5,21.3,13.3,16.5,13.5,82.9,8.506,100.0,25.0,rain,0.0,0.0,43.7,23.1,211.1,1009.3,86.2,23.6,54.3,4.7,3,10,2024-09-08 07:17:47,2024-09-08 20:17:42,0.18,"Rain, Partially cloudy"
2024-09-09,17.9,14.9,16.2,17.9,14.9,16.2,14.2,88.1,1.716,100.0,54.17,rain,0.0,0.0,47.7,18.7,281.7,1010.6,98.7,18.6,39.1,3.4,2,10,2024-09-09 07:19:12,2024-09-09 20:15:36,0.21,"Rain, Overcast"
2024-09-10,18.2,11.5,15.0,18.2,11.5,15.0,10.6,75.4,0.0,0.0,0.0,dry,0.0,0.0,48.7,21.8,250.9,1015.7,85.8,21.1,41.7,3.5,2,10,2024-09-10 07:20:37,2024-09-10 20:13:29,0.24,Partially cloudy
2024-09-11,16.9,11.7,14.5,16.9,11.7,14.5,9.3,72.7,1.438,100.0,29.17,rain,0.0,0.0,50.1,25.2,280.6,1011.4,81.7,20.9,59.7,5.0,3,10,2024-09-11 07:22:02,2024-09-11 20:11:22,0.25,"Rain, Partially cloudy"
2024-09-12,15.1,8.6,11.5,15.1,7.2,11.1,6.9,74.6,5.566,100.0,29.17,rain,0.0,0.0,48.2,16.2,291.1,1016.1,49.4,23.3,43.7,3.7,4,10,2024-09-12 07:23:27,2024-09-12 20:09:15,0.31,"Rain, Partially cloudy"
2024-09-13,16.0,7.5,11.7,16.0,6.4,11.1,7.4,75.5,0.0,0.0,0.0,rain,0.0,0.0,36.7,20.5,335.8,1025.5,68.8,20.1,50.3,4.5,3,10,2024-09-13 07:24:52,2024-09-13 20:07:07,0.34,Partially cloudy
2024-09-14,17.2,8.4,12.8,17.2,7.7,12.7,6.9,69.4,0.006,100.0,4.17,rain,0.0,0.0,26.9,12.9,29.5,1031.4,44.8,23.3,43.5,3.8,3,10,2024-09-14 07:26:17,2024-09-14 20:05:00,0.38,"Rain, Partially cloudy"
2024-09-15,19.6,8.3,13.8,19.6,8.2,13.8,7.4,67.7,0.014,100.0,4.17,rain,0.0,0.0,27.4,10.7,9.4,1028.5,22.6,21.4,48.7,4.2,4,10,2024-09-15 07:27:42,2024-09-15 20:02:52,0.41,"Rain, Partially cloudy"
2024-09-16,19.6,12.5,16.2,19.6,12.5,16.2,11.1,72.3,0.0,0.0,0.0,rain,0.0,0.0,39.0,18.0,15.7,1026.2,91.0,23.4,48.5,4.2,2,10,2024-09-16 07:29:07,2024-09-16 20:00:44,0.44,Overcast
2024-09-17,21.2,13.7,16.6,21.2,13.7,16.6,12.1,75.5,0.007,100.0,4.17,rain,0.0,0.0,49.3,24.4,35.5,1025.3,78.1,21.2,59.3,5.2,4,10,2024-09-17 07:30:32,2024-09-17 19:58:36,0.48,"Rain, Partially cloudy"
2024-09-18,23.8,14.0,18.6,23.8,14.0,18.6,13.2,72.7,0.0,0.0,0.0,dry,0.0,0.0,48.7,20.8,46.0,1021.7,50.4,14.2,169.8,14.7,7,10,2024-09-18 07:31:58,2024-09-18 19:56:28,0.5,Partially cloudy
2024-09-19,25.6,15.2,20.1,25.6,15.2,20.1,11.9,61.6,0.0,0.0,0.0,rain,0.0,0.0,47.6,22.4,61.9,1018.5,34.5,16.5,52.4,4.3,4,10,2024-09-19 07:33:23,2024-09-19 19:54:20,0.54,Partially cloudy
2024-09-20,24.0,14.3,18.6,24.0,14.3,18.6,12.4,67.8,0.12,100.0,4.17,rain,0.0,0.0,34.3,15.0,83.8,1017.1,66.9,19.7,47.5,4.1,3,10,2024-09-20 07:34:49,2024-09-20 19:52:12,0.58,"Rain, Partially cloudy"
2024-09-21,23.6,14.9,19.0,23.6,14.9,19.0,14.4,75.8,1.049,100.0,16.67,rain,0.0,0.0,37.6,13.4,133.1,1016.8,82.8,21.2,37.5,3.2,2,10,2024-09-21 07:36:15,2024-09-21 19:50:04,0.61,"Rain, Partially cloudy"
2024-09-22,20.0,16.1,18.0,20.0,16.1,18.0,15.8,87.2,9.078,100.0,50.0,rain,0.0,0.0,30.3,13.8,171.3,1012.9,99.1,14.2,27.1,2.4,1,10,2024-09-22 07:37:40,2024-09-22 19:47:56,0.65,"Rain, Overcast"
2024-09-23,17.9,13.6,15.4,17.9,13.6,15.4,13.6,89.7,3.2,100.0,37.5,rain,0.0,0.0,37.1,19.1,198.5,1008.6,92.5,9.7,35.2,2.9,1,10,2024-09-23 07:39:06,2024-09-23 19:45:48,0.68,"Rain, Overcast"
2024-09-24,16.9,13.9,14.9,16.9,13.9,14.9,13.4,90.8,4.1,100.0,41.67,rain,0.0,0.0,50.0,21.5,226.9,1006.2,97.7,9.8,37.0,3.1,2,10,2024-09-24 07:40:33,2024-09-24 19:43:41,0.75,"Rain, Overcast"
2024-09-25,16.2,13.2,14.5,16.2,13.2,14.5,13.7,94.9,10.9,100.0,41.67,rain,0.0,0.0,43.9,21.7,190.7,1003.8,92.7,8.6,24.1,2.0,1,10,2024-09-25 07:41:59,2024-09-25 19:41:33,0.75,"Rain, Overcast"
2024-09-26,18.3,13.6,15.8,18.3,13.6,15.8,14.2,90.5,6.1,100.0,45.83,rain,0.0,0.0,63.7,29.5,215.2,994.4,83.9,8.9,22.2,1.9,1,10,2024-09-26 07:43:25,2024-09-26 19:39:26,0.78,"Rain, Partially cloudy"
2024-09-27,15.6,11.6,13.0,15.6,11.6,13.0,10.0,82.3,2.0,100.0,29.17,rain,0.0,0.0,55.4,29.0,227.0,1002.5,82.5,9.9,38.1,3.1,2,10,2024-09-27 07:44:52,2024-09-27 19:37:18,0.82,"Rain, Partially cloudy"
2024-09-28,14.6,6.6,10.7,14.6,5.0,10.3,6.2,75.6,0.4,100.0,8.33,rain,0.0,0.0,34.2,17.2,307.8,1022.3,55.1,10.0,62.7,5.4,6,10,2024-09-28 07:46:19,2024-09-28 19:35:11,0.85,"Rain, Partially cloudy"
2024-09-29,12.9,5.3,9.1,12.9,4.6,8.9,6.8,85.7,0.0,0.0,0.0,dry,0.0,0.0,34.9,14.8,113.4,1023.3,86.8,9.8,61.0,5.3,2,10,2024-09-29 07:47:46,2024-09-29 19:33:05,0.89,Partially cloudy
2024-09-30,16.9,11.6,14.5,16.9,11.6,14.5,12.2,86.2,0.2,100.0,8.33,rain,0.0,0.0,54.7,28.9,211.5,1011.5,96.3,10.0,68.8,6.1,4,10,2024-09-30 07:49:13,2024-09-30 19:30:58,0.92,"Rain, Overcast"
2024-10-01,17.6,11.6,13.9,17.6,11.6,13.9,9.8,77.2,0.0,0.0,0.0,rain,0.0,0.0,36.4,19.8,242.7,1010.9,73.8,10.0,39.7,3.4,2,10,2024-10-01 07:50:41,2024-10-01 19:28:52,0.95,Partially cloudy
2024-10-02,17.4,11.9,14.1,17.4,11.9,14.1,10.4,79.4,0.2,32.3,8.33,rain,0.0,0.0,32.0,21.1,287.2,1009.5,77.3,16.9,39.5,3.5,2,10,2024-10-02 07:52:08,2024-10-02 19:26:47,0.0,Partially cloudy
2024-10-03,14.1,9.7,11.9,14.1,8.9,11.9,8.1,78.3,0.1,3.2,4.17,rain,0.0,0.0,36.0,13.7,17.7,1017.0,75.0,24.1,71.2,6.3,3,10,2024-10-03 07:53:36,2024-10-03 19:24:41,0.02,Partially cloudy
2024-10-04,14.8,6.5,10.4,14.8,6.3,10.2,6.3,77.5,0.0,0.0,0.0,dry,0.0,0.0,26.3,9.4,26.0,1021.3,39.6,24.1,158.1,13.7,6,10,2024-10-04 07:55:05,2024-10-04 19:22:36,0.06,Partially cloudy
2024-10-05,15.3,6.6,10.7,15.3,6.6,10.6,7.2,79.8,0.0,0.0,0.0,dry,0.0,0.0,26.3,10.1,130.7,1018.7,67.7,24.1,154.5,13.3,6,10,2024-10-05 07:56:33,2024-10-05 19:20:32,0.09,Partially cloudy
2024-10-06,17.5,10.0,12.4,17.5,8.6,12.2,10.0,86.0,7.3,35.5,29.17,rain,0.0,0.0,29.5,12.6,161.2,1008.9,99.4,23.8,135.1,11.5,6,10,2024-10-06 07:58:02,2024-10-06 19:18:28,0.12,Overcast
2024-10-07,19.8,14.1,16.3,19.8,14.1,16.3,14.1,87.2,2.3,51.6,25.0,rain,0.0,0.0,33.5,14.8,182.1,1006.2,98.3,23.8,61.3,5.4,2,10,2024-10-07 07:59:31,2024-10-07 19:16:24,0.16,"Rain, Overcast"
2024-10-08,19.1,15.0,16.5,19.1,15.0,16.5,12.2,76.6,3.2,51.6,20.83,rain,0.0,0.0,41.4,19.8,215.8,1006.1,92.5,22.3,109.0,9.6,5,10,2024-10-08 08:01:00,2024-10-08 19:14:22,0.19,"Rain, Overcast"
2024-10-09,15.7,14.1,14.7,15.7,14.1,14.7,12.1,84.2,1.6,54.8,16.67,rain,0.0,0.0,54.4,27.4,205.0,1004.9,94.7,23.4,16.0,1.2,1,10,2024-10-09 08:02:30,2024-10-09 19:12:19,0.23,"Rain, Overcast"
2024-10-10,18.7,14.9,16.0,18.7,14.9,16.0,12.3,79.3,8.9,54.8,29.17,rain,0.0,0.0,92.2,44.3,199.5,994.5,96.8,19.6,54.6,4.5,3,10,2024-10-10 08:04:00,2024-10-10 19:10:18,0.25,"Rain, Overcast"
2024-10-11,15.3,11.2,13.3,15.3,11.2,13.3,5.2,58.5,0.0,45.2,0.0,rain,0.0,0.0,89.0,43.6,228.4,1002.2,58.2,24.1,87.4,7.5,4,10,2024-10-11 08:05:30,2024-10-11 19:08:17,0.29,"Rain, Partially cloudy"
2024-10-12,13.5,8.1,10.8,13.5,6.6,10.3,2.7,58.9,0.0,45.2,0.0,rain,0.0,0.0,32.4,13.6,223.4,1015.2,70.4,24.1,87.0,7.8,3,10,2024-10-12 08:07:00,2024-10-12 19:06:16,0.33,"Rain, Partially cloudy"
2024-10-13,11.2,7.8,8.9,11.2,4.9,6.8,4.6,75.5,3.2,38.7,16.67,rain,0.0,0.0,46.8,22.0,20.7,1014.8,99.8,22.5,5.0,0.6,0,10,2024-10-13 08:08:31,2024-10-13 19:04:17,0.36,Overcast
2024-10-14,9.9,8.0,9.2,8.9,6.1,7.8,7.3,88.1,1.1,32.3,25.0,rain,0.0,0.0,29.9,14.0,278.9,1009.7,100.0,24.1,7.1,0.6,0,10,2024-10-14 08:10:02,2024-10-14 19:02:18,0.4,Overcast
2024-10-15,14.1,9.2,11.1,14.1,7.1,10.3,8.0,81.9,0.8,22.6,16.67,rain,0.0,0.0,32.4,14.0,225.7,1009.3,97.1,24.1,60.1,5.5,3,10,2024-10-15 08:11:33,2024-10-15 19:00:20,0.43,Overcast
2024-10-16,14.8,9.6,11.5,14.8,7.3,11.3,8.7,83.1,20.2,19.4,20.83,rain,0.0,0.0,55.4,28.1,217.8,999.8,79.7,19.6,18.9,1.5,1,10,2024-10-16 08:13:05,2024-10-16 18:58:23,0.46,Partially cloudy
